id,goes_class,noaa_active_region,peak_time,start_time,end_time,ssw_location,fl_location,fl_lat,fl_lon,x_hpc,y_hpc
gev_20091223_0336,B8.6,,2009-12-23 03:56:00,2009-12-23 03:36:00,2009-12-23 04:05:00,POINT(54 16),POINT(54 16),16.0,54.0,760.352008308263,288.02762310385003
gev_20091223_0945,B1.6,,2009-12-23 09:51:00,2009-12-23 09:45:00,2009-12-23 09:54:00,POINT(66 -29),POINT(66 -29),-29.0,66.0,780.5398129434775,-461.37649850435685
gev_20091223_1009,C6.4,,2009-12-23 10:17:00,2009-12-23 10:09:00,2009-12-23 10:20:00,POINT(61 -27),POINT(61 -27),-27.0,61.0,761.5543943248096,-428.8650339954362
gev_20091223_1126,B3.2,,2009-12-23 11:33:00,2009-12-23 11:26:00,2009-12-23 11:46:00,POINT(69 -27),POINT(69 -27),-27.0,69.0,812.4621198043696,-432.38669033705594
gev_20091223_1241,B3.5,,2009-12-23 12:48:00,2009-12-23 12:41:00,2009-12-23 12:50:00,POINT(66 -24),POINT(66 -24),-24.0,66.0,815.3356350443657,-384.5491412231252
gev_20091225_2313,B1.0,,2009-12-25 23:26:00,2009-12-25 23:13:00,2009-12-25 23:40:00,POINT(-56 -28),POINT(-56 -28),-28.0,-56.0,-715.6614298596978,-439.3811143351661
gev_20091226_0725,B1.4,,2009-12-26 07:30:00,2009-12-26 07:25:00,2009-12-26 07:39:00,POINT(-50 -27),POINT(-50 -27),-27.0,-50.0,-667.5794122517109,-420.9229670603193
gev_20091226_0854,B1.9,,2009-12-26 09:00:00,2009-12-26 08:54:00,2009-12-26 09:20:00,POINT(-54 -29),POINT(-54 -29),-29.0,-54.0,-691.8759937789291,-453.1790918017402
gev_20091226_1217,B1.0,,2009-12-26 12:20:00,2009-12-26 12:17:00,2009-12-26 12:23:00,POINT(-48 -26),POINT(-48 -26),-26.0,-48.0,-653.3775382032618,-404.317288015392
gev_20091226_1651,B4.8,,2009-12-26 16:57:00,2009-12-26 16:51:00,2009-12-26 17:05:00,POINT(-43 -27),POINT(-43 -27),-27.0,-43.0,-594.5714379944839,-417.40774311279773
gev_20091226_1809,B1.7,,2009-12-26 18:12:00,2009-12-26 18:09:00,2009-12-26 18:15:00,POINT(-46 -28),POINT(-46 -28),-28.0,-46.0,-621.344497522572,-433.9471099113131
gev_20091226_1838,B4.6,,2009-12-26 18:43:00,2009-12-26 18:38:00,2009-12-26 18:48:00,POINT(-43 -27),POINT(-43 -27),-27.0,-43.0,-594.573715128703,-417.3060253158363
gev_20091227_0721,B2.9,,2009-12-27 07:30:00,2009-12-27 07:21:00,2009-12-27 07:33:00,POINT(-36 -27),POINT(-36 -27),-27.0,-36.0,-512.619691849919,-413.8255633662698
gev_20091227_1128,B7.6,,2009-12-27 11:39:00,2009-12-27 11:28:00,2009-12-27 11:57:00,POINT(-34 -26),POINT(-34 -26),-26.0,-34.0,-492.00534196943045,-397.3127794134757
gev_20091230_2300,B4.8,,2009-12-30 23:03:00,2009-12-30 23:00:00,2009-12-30 23:08:00,POINT(9 -28),POINT(9 -28),-28.0,9.0,135.31168717530267,-416.33506640504044
gev_20091230_2348,B2.3,,2009-12-30 23:51:00,2009-12-30 23:48:00,2009-12-30 23:53:00,POINT(11 -27),POINT(11 -27),-27.0,11.0,166.55269289136834,-401.00562178088967
gev_20091230_2354,B1.6,,2009-12-31 00:02:00,2009-12-30 23:54:00,2009-12-31 00:08:00,POINT(12 -26),POINT(12 -26),-26.0,12.0,183.0706540829773,-385.49984464461375
gev_20091231_0042,B2.6,,2009-12-31 00:48:00,2009-12-31 00:42:00,2009-12-31 01:00:00,POINT(10 -27),POINT(10 -27),-27.0,10.0,151.57559959744876,-400.8034517689275
gev_20091231_0107,B3.1,,2009-12-31 01:12:00,2009-12-31 01:07:00,2009-12-31 01:16:00,POINT(10 -27),POINT(10 -27),-27.0,10.0,151.575663190437,-400.7721278080189
gev_20091231_0330,B2.6,,2009-12-31 04:17:00,2009-12-31 03:30:00,2009-12-31 04:39:00,POINT(17 -26),POINT(17 -26),-26.0,17.0,257.4163685227599,-386.168178172538
gev_20091231_0742,B2.9,,2009-12-31 07:47:00,2009-12-31 07:42:00,2009-12-31 07:50:00,POINT(13 -29),POINT(13 -29),-29.0,13.0,192.7256705573635,-431.6463459707823
gev_20091231_1024,B1.9,,2009-12-31 10:27:00,2009-12-31 10:24:00,2009-12-31 10:29:00,POINT(16 -28),POINT(16 -28),-28.0,16.0,238.3952193056479,-416.6097907868185
gev_20091231_1054,B1.6,,2009-12-31 10:59:00,2009-12-31 10:54:00,2009-12-31 11:06:00,POINT(16 -27),POINT(16 -27),-27.0,16.0,240.57916184973226,-401.0527102501004
gev_20091231_1115,B1.9,,2009-12-31 11:20:00,2009-12-31 11:15:00,2009-12-31 11:31:00,POINT(18 -29),POINT(18 -29),-29.0,18.0,264.7239300524928,-432.3713415164679
gev_20091231_1429,B1.3,,2009-12-31 14:32:00,2009-12-31 14:29:00,2009-12-31 14:51:00,POINT(17 -28),POINT(17 -28),-28.0,17.0,252.8641852400638,-416.52600108412054
gev_20091231_1537,B1.5,,2009-12-31 15:42:00,2009-12-31 15:37:00,2009-12-31 15:46:00,POINT(17 -28),POINT(17 -28),-28.0,17.0,252.86442742046805,-416.44415611432686
gev_20091231_1902,B1.8,,2009-12-31 19:06:00,2009-12-31 19:02:00,2009-12-31 19:10:00,POINT(23 -31),POINT(23 -31),-31.0,23.0,327.9843084130031,-463.47498343244604
gev_20100101_1202,B1.9,,2010-01-01 12:09:00,2010-01-01 12:02:00,2010-01-01 12:18:00,POINT(31 -29),POINT(31 -29),-29.0,31.0,441.0509171169084,-434.74158375950185
gev_20100101_1233,B2.3,,2010-01-01 12:43:00,2010-01-01 12:33:00,2010-01-01 13:00:00,POINT(34 -24),POINT(34 -24),-24.0,34.0,500.18315739029396,-357.98040505982215
gev_20100101_2329,B1.1,,2010-01-01 23:33:00,2010-01-01 23:29:00,2010-01-01 23:42:00,POINT(39 -25),POINT(39 -25),-25.0,39.0,558.31533604733,-375.5384702366913
gev_20100102_0758,B6.4,,2010-01-02 08:05:00,2010-01-02 07:58:00,2010-01-02 08:13:00,POINT(38 -25),POINT(38 -25),-25.0,38.0,546.224886453427,-374.5167062463015
gev_20091213_0917,B1.4,11034.0,2009-12-13 09:25:00,2009-12-13 09:17:00,2009-12-13 09:28:00,POINT(-26 22),POINT(-26 22),22.0,-26.0,-397.57930012373254,376.4454193067887
gev_20091213_1658,B1.8,11034.0,2009-12-13 17:02:00,2009-12-13 16:58:00,2009-12-13 17:05:00,POINT(-21 19),POINT(-21 19),19.0,-21.0,-331.53711567330174,329.7785327783308
gev_20091213_1749,B1.0,,2009-12-13 17:52:00,2009-12-13 17:49:00,2009-12-13 17:54:00,POINT(-65 -23),POINT(-65 -23),-23.0,-65.0,-814.4002035821322,-376.4150020528471
gev_20091213_1838,B1.5,11034.0,2009-12-13 18:43:00,2009-12-13 18:38:00,2009-12-13 18:45:00,POINT(-20 20),POINT(-20 20),20.0,-20.0,-314.46595775475726,346.013880508515
gev_20091213_1959,B1.0,11034.0,2009-12-13 20:02:00,2009-12-13 19:59:00,2009-12-13 20:05:00,POINT(-19 20),POINT(-19 20),20.0,-19.0,-299.34884967072867,346.2039280856546
gev_20091214_0844,B1.4,11035.0,2009-12-14 08:48:00,2009-12-14 08:44:00,2009-12-14 08:50:00,POINT(-16 30),POINT(-16 30),30.0,-16.0,-233.51840817998163,500.8827717588922
gev_20091214_0855,B1.7,,2009-12-14 08:58:00,2009-12-14 08:55:00,2009-12-14 09:00:00,POINT(-17 30),POINT(-17 30),30.0,-17.0,-247.69077809830196,500.82567419301455
gev_20091214_1811,B1.4,11035.0,2009-12-14 18:15:00,2009-12-14 18:11:00,2009-12-14 18:21:00,POINT(-10 28),POINT(-10 28),28.0,-10.0,-150.02067272132263,472.38843879167695
gev_20091214_1948,B2.7,11034.0,2009-12-14 20:17:00,2009-12-14 19:48:00,2009-12-14 20:25:00,POINT(-7 20),POINT(-7 20),20.0,-7.0,-112.08905585668981,348.89290269413266
gev_20091214_2335,B4.1,11035.0,2009-12-14 23:39:00,2009-12-14 23:35:00,2009-12-14 23:42:00,POINT(-7 29),POINT(-7 29),29.0,-7.0,-104.29546142322943,487.8007467524655
gev_20091215_0039,B1.2,,2009-12-15 00:46:00,2009-12-15 00:39:00,2009-12-15 00:57:00,POINT(89 -19),POINT(89 -19),-19.0,89.0,921.3621794424791,-317.000061739652
gev_20091215_0401,B1.0,,2009-12-15 04:06:00,2009-12-15 04:01:00,2009-12-15 04:15:00,POINT(89 -20),POINT(89 -20),-20.0,89.0,915.6988195424032,-333.0319673561492
gev_20091215_1114,B1.0,11035.0,2009-12-15 11:17:00,2009-12-15 11:14:00,2009-12-15 11:20:00,POINT(0 28),POINT(0 28),28.0,0.0,0.0,474.00484398410885
gev_20091215_1328,B1.3,,2009-12-15 13:34:00,2009-12-15 13:28:00,2009-12-15 13:39:00,POINT(-43 -30),POINT(-43 -30),-30.0,-43.0,-577.3499776895624,-478.06057986384184
gev_20091215_1514,B2.0,11034.0,2009-12-15 15:20:00,2009-12-15 15:14:00,2009-12-15 15:32:00,POINT(6 18),POINT(6 18),18.0,6.0,97.31617818208515,318.4967015691316
gev_20091215_2317,B2.7,11034.0,2009-12-15 23:23:00,2009-12-15 23:17:00,2009-12-15 23:37:00,POINT(8 20),POINT(8 20),20.0,8.0,128.01648061255665,351.1978541355978
gev_20091216_0102,C5.3,11035.0,2009-12-16 01:24:00,2009-12-16 01:02:00,2009-12-16 01:35:00,POINT(6 29),POINT(6 29),29.0,6.0,89.46455837093205,489.8651818892299
gev_20091216_0317,B6.4,11035.0,2009-12-16 03:20:00,2009-12-16 03:17:00,2009-12-16 03:26:00,POINT(9 29),POINT(9 29),29.0,9.0,133.88754428922675,489.92273857421407
gev_20091216_0725,B3.0,,2009-12-16 07:28:00,2009-12-16 07:25:00,2009-12-16 07:34:00,POINT(-89 13),POINT(-89 13),13.0,-89.0,-949.552234740695,219.52706706593793
gev_20091216_0745,B6.9,11035.0,2009-12-16 08:01:00,2009-12-16 07:45:00,2009-12-16 08:16:00,POINT(11 27),POINT(11 27),27.0,11.0,166.37908811675806,460.34647423963446
gev_20091216_0834,B8.6,11035.0,2009-12-16 08:37:00,2009-12-16 08:34:00,2009-12-16 08:39:00,POINT(11 28),POINT(11 28),28.0,11.0,164.86831143683943,475.39428149678423
gev_20091216_1236,C3.7,11035.0,2009-12-16 13:02:00,2009-12-16 12:36:00,2009-12-16 13:20:00,POINT(15 28),POINT(15 28),28.0,15.0,223.6208811338398,475.4208167747406
gev_20091216_2135,C1.4,11035.0,2009-12-16 21:49:00,2009-12-16 21:35:00,2009-12-16 22:25:00,POINT(17 29),POINT(17 29),29.0,17.0,250.2161524935533,490.76392157452915
gev_20091217_0306,B5.1,11035.0,2009-12-17 03:10:00,2009-12-17 03:06:00,2009-12-17 03:16:00,POINT(22 29),POINT(22 29),29.0,22.0,320.5615076719542,490.611258201483
gev_20091217_0712,B4.6,11034.0,2009-12-17 07:15:00,2009-12-17 07:12:00,2009-12-17 07:18:00,POINT(30 20),POINT(30 20),20.0,30.0,459.71696359397123,351.3069373676258
gev_20091217_0933,B7.0,11035.0,2009-12-17 09:37:00,2009-12-17 09:33:00,2009-12-17 09:41:00,POINT(25 33),POINT(25 33),33.0,25.0,346.70401743609347,548.4212772720942
gev_20091217_1501,B9.7,11034.0,2009-12-17 15:13:00,2009-12-17 15:01:00,2009-12-17 15:17:00,POINT(34 23),POINT(34 23),23.0,34.0,503.5329219607195,398.36017194139674
gev_20091217_1656,B2.5,11037.0,2009-12-17 17:00:00,2009-12-17 16:56:00,2009-12-17 17:03:00,POINT(-89 15),POINT(-89 15),15.0,-89.0,-941.4352322621271,252.5937512848519
gev_20091217_2112,B2.4,11034.0,2009-12-17 21:21:00,2009-12-17 21:12:00,2009-12-17 21:28:00,POINT(32 20),POINT(32 20),20.0,32.0,487.2107816956508,351.9446279385281
gev_20091218_0109,B2.0,11037.0,2009-12-18 01:32:00,2009-12-18 01:09:00,2009-12-18 01:58:00,POINT(-83 15),POINT(-83 15),15.0,-83.0,-935.033032453619,254.95964822042143
gev_20091218_0204,B5.6,11035.0,2009-12-18 02:13:00,2009-12-18 02:04:00,2009-12-18 02:17:00,POINT(32 29),POINT(32 29),29.0,32.0,453.35401452347156,490.6041845324349
gev_20091218_0429,B3.1,11035.0,2009-12-18 04:33:00,2009-12-18 04:29:00,2009-12-18 04:39:00,POINT(34 26),POINT(34 26),26.0,34.0,491.63524078304454,445.440794179645
gev_20091218_0745,B2.5,,2009-12-18 07:48:00,2009-12-18 07:45:00,2009-12-18 07:52:00,POINT(-35 -18),POINT(-35 -18),-18.0,-35.0,-533.7392796247732,-284.5276760737636
gev_20091218_1030,B2.2,11037.0,2009-12-18 10:38:00,2009-12-18 10:30:00,2009-12-18 10:44:00,POINT(-79 16),POINT(-79 16),16.0,-79.0,-920.5957488005515,273.05225928823734
gev_20091218_1116,B1.8,,2009-12-18 11:22:00,2009-12-18 11:16:00,2009-12-18 11:25:00,POINT(-33 -17),POINT(-33 -17),-17.0,-33.0,-509.6697369432077,-267.4993264111628
gev_20091218_1404,B3.1,11035.0,2009-12-18 14:10:00,2009-12-18 14:04:00,2009-12-18 14:16:00,POINT(41 27),POINT(41 27),27.0,41.0,571.6212038471924,459.5069609299311
gev_20091218_1610,B5.1,11035.0,2009-12-18 16:23:00,2009-12-18 16:10:00,2009-12-18 16:31:00,POINT(42 27),POINT(42 27),27.0,42.0,582.985954874587,459.3700501684615
gev_20091218_1659,B2.5,11037.0,2009-12-18 17:03:00,2009-12-18 16:59:00,2009-12-18 17:06:00,POINT(-73 16),POINT(-73 16),16.0,-73.0,-897.2820977745578,275.58620491770046
gev_20091218_1820,B5.4,11035.0,2009-12-18 18:27:00,2009-12-18 18:20:00,2009-12-18 18:30:00,POINT(41 26),POINT(41 26),26.0,41.0,576.6425019417367,444.64986971288795
gev_20091218_1848,C7.6,11035.0,2009-12-18 18:55:00,2009-12-18 18:48:00,2009-12-18 18:58:00,POINT(41 27),POINT(41 27),27.0,41.0,571.6301915246258,459.79520568259306
gev_20091218_1917,B2.8,11034.0,2009-12-18 19:20:00,2009-12-18 19:17:00,2009-12-18 19:23:00,POINT(43 19),POINT(43 19),19.0,43.0,630.6535865119309,334.7673546501639
gev_20091218_2032,B2.7,,2009-12-18 20:38:00,2009-12-18 20:32:00,2009-12-18 20:42:00,POINT(66 16),POINT(66 16),16.0,66.0,857.6186794550883,278.4454397412848
gev_20091218_2116,B3.6,11035.0,2009-12-18 21:24:00,2009-12-18 21:16:00,2009-12-18 21:27:00,POINT(44 27),POINT(44 27),27.0,44.0,605.17649164115,459.1209226009896
gev_20091218_2158,B1.9,11035.0,2009-12-18 22:02:00,2009-12-18 21:58:00,2009-12-18 22:05:00,POINT(44 27),POINT(44 27),27.0,44.0,605.1778841373472,459.16151068395345
gev_20091218_2337,B2.0,11037.0,2009-12-18 23:43:00,2009-12-18 23:37:00,2009-12-18 23:45:00,POINT(-65 15),POINT(-65 15),15.0,-65.0,-855.0327078413684,262.57269058261295
gev_20091218_2353,B3.1,11034.0,2009-12-18 23:58:00,2009-12-18 23:53:00,2009-12-19 00:01:00,POINT(51 20),POINT(51 20),20.0,51.0,713.880048919415,348.54849762172
gev_20091219_0010,C2.9,11035.0,2009-12-19 00:14:00,2009-12-19 00:10:00,2009-12-19 00:17:00,POINT(44 29),POINT(44 29),29.0,44.0,594.0168557305375,489.09874036839574
gev_20091219_0104,B7.4,11035.0,2009-12-19 01:09:00,2009-12-19 01:04:00,2009-12-19 01:12:00,POINT(46 28),POINT(46 28),28.0,46.0,620.9357729761629,473.73957739910406
gev_20091219_0136,B9.1,11035.0,2009-12-19 01:53:00,2009-12-19 01:36:00,2009-12-19 01:55:00,POINT(45 28),POINT(45 28),28.0,45.0,610.4091143094524,474.06163453884693
gev_20091219_0648,B1.4,11035.0,2009-12-19 06:53:00,2009-12-19 06:48:00,2009-12-19 06:56:00,POINT(46 28),POINT(46 28),28.0,46.0,620.9472998267566,474.0573226437801
gev_20091219_0716,B1.2,11035.0,2009-12-19 07:19:00,2009-12-19 07:16:00,2009-12-19 07:22:00,POINT(49 27),POINT(49 27),27.0,49.0,657.3376808465728,458.17511574130094
gev_20091219_1030,B1.5,,2009-12-19 10:35:00,2009-12-19 10:30:00,2009-12-19 10:39:00,POINT(74 16),POINT(74 16),16.0,74.0,901.917092977545,275.6069751238018
gev_20091219_1108,B6.6,,2009-12-19 11:13:00,2009-12-19 11:08:00,2009-12-19 11:19:00,POINT(75 16),POINT(75 16),16.0,75.0,906.2257945377332,275.1941352661635
gev_20091220_1140,B1.5,,2009-12-20 11:45:00,2009-12-20 11:40:00,2009-12-20 11:49:00,POINT(58 30),POINT(58 30),30.0,58.0,717.556459816473,500.88542621886785
gev_20091220_1416,B2.3,,2009-12-20 14:20:00,2009-12-20 14:16:00,2009-12-20 14:25:00,POINT(67 24),POINT(67 24),24.0,67.0,821.2205860315095,406.8998839467088
gev_20091220_1540,B1.9,11036.0,2009-12-20 15:43:00,2009-12-20 15:40:00,2009-12-20 15:46:00,POINT(25 -30),POINT(25 -30),-30.0,25.0,358.19513030780286,-467.331096661434
gev_20091220_1737,B1.6,11036.0,2009-12-20 17:41:00,2009-12-20 17:37:00,2009-12-20 17:43:00,POINT(29 -29),POINT(29 -29),-29.0,29.0,414.9464658441049,-452.84799801206964
gev_20091220_2027,B2.6,11035.0,2009-12-20 20:31:00,2009-12-20 20:27:00,2009-12-20 20:37:00,POINT(71 30),POINT(71 30),30.0,71.0,799.3791422916909,495.8451068793092
gev_20091220_2320,B2.7,,2009-12-20 23:24:00,2009-12-20 23:20:00,2009-12-20 23:30:00,POINT(-15 -23),POINT(-15 -23),-23.0,-15.0,-233.28287097648717,-357.10398821139887
gev_20091221_0108,B1.6,11035.0,2009-12-21 01:13:00,2009-12-21 01:08:00,2009-12-21 01:16:00,POINT(73 30),POINT(73 30),30.0,73.0,808.3992394202386,495.07466891071806
gev_20091221_1904,B1.6,11038.0,2009-12-21 19:07:00,2009-12-21 19:04:00,2009-12-21 19:09:00,POINT(35 16),POINT(35 16),16.0,35.0,539.5955840649584,293.42844114770025
gev_20091221_2334,B4.1,11036.0,2009-12-21 23:38:00,2009-12-21 23:34:00,2009-12-21 23:40:00,POINT(41 -27),POINT(41 -27),-27.0,41.0,571.8406193728483,-423.3140778629803
gev_20091222_0356,B5.2,,2009-12-22 04:01:00,2009-12-22 03:56:00,2009-12-22 04:04:00,POINT(78 27),POINT(78 27),27.0,78.0,850.511306022498,448.5427010252168
gev_20091222_0450,C7.2,11036.0,2009-12-22 04:56:00,2009-12-22 04:50:00,2009-12-22 05:00:00,POINT(44 -28),POINT(44 -28),-28.0,44.0,599.913522446171,-439.22032009779326
gev_20091222_1125,B4.5,11038.0,2009-12-22 11:29:00,2009-12-22 11:25:00,2009-12-22 11:34:00,POINT(45 16),POINT(45 16),16.0,45.0,664.905209116963,291.00928533547136
gev_20091222_1317,B2.7,11036.0,2009-12-22 13:21:00,2009-12-22 13:17:00,2009-12-22 13:25:00,POINT(49 -27),POINT(49 -27),-27.0,49.0,657.5807828634105,-425.1178707718464
gev_20091222_1400,C1.0,11038.0,2009-12-22 14:10:00,2009-12-22 14:00:00,2009-12-22 14:20:00,POINT(46 15),POINT(46 15),15.0,46.0,679.668480468507,274.4323705904803
gev_20091222_1510,C1.1,11036.0,2009-12-22 15:26:00,2009-12-22 15:10:00,2009-12-22 15:35:00,POINT(51 -27),POINT(51 -27),-27.0,51.0,677.0569704168253,-425.73429038358483
gev_20091222_1735,B4.5,11038.0,2009-12-22 18:00:00,2009-12-22 17:35:00,2009-12-22 18:20:00,POINT(48 14),POINT(48 14),14.0,48.0,705.2731568276811,257.39930438370305
gev_20091222_2023,C1.3,11038.0,2009-12-22 20:27:00,2009-12-22 20:23:00,2009-12-22 20:32:00,POINT(49 16),POINT(49 16),16.0,49.0,709.5188410735076,289.887579125989
gev_20091222_2145,C1.0,,2009-12-22 22:26:00,2009-12-22 21:45:00,2009-12-22 22:35:00,POINT(-89 -25),POINT(-89 -25),-25.0,-89.0,-883.7650953994598,-411.42518890117697
gev_20091223_0336,B8.6,11038.0,2009-12-23 03:56:00,2009-12-23 03:36:00,2009-12-23 04:05:00,POINT(54 16),POINT(54 16),16.0,54.0,760.352008308263,288.02762310385003
gev_20091223_0945,B1.6,11036.0,2009-12-23 09:51:00,2009-12-23 09:45:00,2009-12-23 09:54:00,POINT(66 -29),POINT(66 -29),-29.0,66.0,780.5398129434775,-461.37649850435685
gev_20091223_1009,C6.4,11036.0,2009-12-23 10:17:00,2009-12-23 10:09:00,2009-12-23 10:20:00,POINT(61 -27),POINT(61 -27),-27.0,61.0,761.5543943248096,-428.8650339954362
gev_20091223_1126,B3.2,11036.0,2009-12-23 11:33:00,2009-12-23 11:26:00,2009-12-23 11:46:00,POINT(69 -27),POINT(69 -27),-27.0,69.0,812.4621198043696,-432.38669033705594
gev_20091223_1241,B3.5,11036.0,2009-12-23 12:48:00,2009-12-23 12:41:00,2009-12-23 12:50:00,POINT(66 -24),POINT(66 -24),-24.0,66.0,815.3356350443657,-384.5491412231252
gev_20091225_2313,B1.0,11039.0,2009-12-25 23:26:00,2009-12-25 23:13:00,2009-12-25 23:40:00,POINT(-56 -28),POINT(-56 -28),-28.0,-56.0,-715.6614298596978,-439.3811143351661
gev_20091226_0725,B1.4,11039.0,2009-12-26 07:30:00,2009-12-26 07:25:00,2009-12-26 07:39:00,POINT(-50 -27),POINT(-50 -27),-27.0,-50.0,-667.5794122517109,-420.9229670603193
gev_20091226_0854,B1.9,11039.0,2009-12-26 09:10:00,2009-12-26 08:54:00,2009-12-26 09:20:00,POINT(-54 -29),POINT(-54 -29),-29.0,-54.0,-691.8759937789291,-453.1790918017402
gev_20091226_1217,B1.0,11039.0,2009-12-26 12:20:00,2009-12-26 12:17:00,2009-12-26 12:23:00,POINT(-48 -26),POINT(-48 -26),-26.0,-48.0,-653.3775382032618,-404.317288015392
gev_20091226_1651,B4.8,11039.0,2009-12-26 16:57:00,2009-12-26 16:51:00,2009-12-26 17:05:00,POINT(-43 -27),POINT(-43 -27),-27.0,-43.0,-594.5714379944839,-417.40774311279773
gev_20091226_1809,B1.7,11039.0,2009-12-26 18:12:00,2009-12-26 18:09:00,2009-12-26 18:15:00,POINT(-46 -28),POINT(-46 -28),-28.0,-46.0,-621.344497522572,-433.9471099113131
gev_20091226_1838,B4.6,11039.0,2009-12-26 18:43:00,2009-12-26 18:38:00,2009-12-26 18:48:00,POINT(-43 -27),POINT(-43 -27),-27.0,-43.0,-594.573715128703,-417.3060253158363
gev_20091227_0721,B2.9,11039.0,2009-12-27 07:30:00,2009-12-27 07:21:00,2009-12-27 07:33:00,POINT(-36 -27),POINT(-36 -27),-27.0,-36.0,-512.619691849919,-413.8255633662698
gev_20091227_1128,B7.6,11039.0,2009-12-27 11:39:00,2009-12-27 11:28:00,2009-12-27 11:57:00,POINT(-34 -26),POINT(-34 -26),-26.0,-34.0,-492.00534196943045,-397.3127794134757
gev_20091230_2300,B4.8,11039.0,2009-12-30 23:03:00,2009-12-30 23:00:00,2009-12-30 23:08:00,POINT(9 -28),POINT(9 -28),-28.0,9.0,135.31168717530267,-416.33506640504044
gev_20091230_2348,B2.3,11039.0,2009-12-30 23:51:00,2009-12-30 23:48:00,2009-12-30 23:53:00,POINT(11 -27),POINT(11 -27),-27.0,11.0,166.55269289136834,-401.00562178088967
gev_20091230_2354,B1.6,11039.0,2009-12-31 00:02:00,2009-12-30 23:54:00,2009-12-31 00:08:00,POINT(12 -26),POINT(12 -26),-26.0,12.0,183.0706540829773,-385.49984464461375
gev_20091231_0042,B2.6,11039.0,2009-12-31 00:48:00,2009-12-31 00:42:00,2009-12-31 01:00:00,POINT(10 -27),POINT(10 -27),-27.0,10.0,151.57559959744876,-400.8034517689275
gev_20091231_0107,B3.1,11039.0,2009-12-31 01:12:00,2009-12-31 01:07:00,2009-12-31 01:16:00,POINT(10 -27),POINT(10 -27),-27.0,10.0,151.575663190437,-400.7721278080189
gev_20091231_0330,B2.6,11039.0,2009-12-31 04:17:00,2009-12-31 03:30:00,2009-12-31 04:39:00,POINT(17 -26),POINT(17 -26),-26.0,17.0,257.4163685227599,-386.168178172538
gev_20091231_0742,B2.9,11039.0,2009-12-31 07:47:00,2009-12-31 07:42:00,2009-12-31 07:50:00,POINT(13 -29),POINT(13 -29),-29.0,13.0,192.7256705573635,-431.6463459707823
gev_20091231_1024,B1.9,11039.0,2009-12-31 10:27:00,2009-12-31 10:24:00,2009-12-31 10:29:00,POINT(16 -28),POINT(16 -28),-28.0,16.0,238.3952193056479,-416.6097907868185
gev_20091231_1054,B1.6,11039.0,2009-12-31 10:59:00,2009-12-31 10:54:00,2009-12-31 11:06:00,POINT(16 -27),POINT(16 -27),-27.0,16.0,240.57916184973226,-401.0527102501004
gev_20091231_1115,B1.9,11039.0,2009-12-31 11:20:00,2009-12-31 11:15:00,2009-12-31 11:31:00,POINT(18 -29),POINT(18 -29),-29.0,18.0,264.7239300524928,-432.3713415164679
gev_20091231_1429,B1.3,11039.0,2009-12-31 14:32:00,2009-12-31 14:29:00,2009-12-31 14:51:00,POINT(17 -28),POINT(17 -28),-28.0,17.0,252.8641852400638,-416.52600108412054
gev_20091231_1537,B1.5,11039.0,2009-12-31 15:42:00,2009-12-31 15:37:00,2009-12-31 15:46:00,POINT(17 -28),POINT(17 -28),-28.0,17.0,252.86442742046805,-416.44415611432686
gev_20091231_1902,B1.8,11039.0,2009-12-31 19:06:00,2009-12-31 19:02:00,2009-12-31 19:10:00,POINT(23 -31),POINT(23 -31),-31.0,23.0,327.9843084130031,-463.47498343244604
