gev_20100101_1202,2010-01-01 12:02:00,2010-01-01 12:09:00,2010-01-01 12:18:00,B1.9,POINT(31.0 -29.0),0
gev_20100101_1233,2010-01-01 12:33:00,2010-01-01 12:43:00,2010-01-01 13:00:00,B2.3,POINT(34.0 -24.0),0
gev_20100101_2329,2010-01-01 23:29:00,2010-01-01 23:33:00,2010-01-01 23:42:00,B1.1,POINT(39.0 -25.0),0
gev_20100102_0310,2010-01-02 03:10:00,2010-01-02 03:13:00,2010-01-02 03:19:00,B1.1,POINT(39.0 -26.0),1039
gev_20100102_0709,2010-01-02 07:09:00,2010-01-02 07:24:00,2010-01-02 07:40:00,C1.0,POINT(41.0 -26.0),1039
gev_20100102_0758,2010-01-02 07:58:00,2010-01-02 08:05:00,2010-01-02 08:13:00,B6.4,POINT(38.0 -25.0),1039
gev_20100102_0901,2010-01-02 09:01:00,2010-01-02 09:10:00,2010-01-02 09:23:00,B4.5,POINT(44.0 -30.0),1039
gev_20100102_1159,2010-01-02 11:59:00,2010-01-02 12:09:00,2010-01-02 12:24:00,B4.8,POINT(48.0 -27.0),1039
gev_20100102_1408,2010-01-02 14:08:00,2010-01-02 14:16:00,2010-01-02 14:24:00,C2.6,POINT(40.0 -28.0),1039
gev_20100102_2239,2010-01-02 22:39:00,2010-01-02 22:46:00,2010-01-02 22:55:00,B4.3,POINT(48.0 -27.0),1039
gev_20100102_2257,2010-01-02 22:57:00,2010-01-02 23:19:00,2010-01-02 23:35:00,C3.1,POINT(45.0 -27.0),1039
gev_20100103_0117,2010-01-03 01:17:00,2010-01-03 01:22:00,2010-01-03 01:31:00,C2.0,POINT(49.0 -28.0),0
gev_20100103_0353,2010-01-03 03:53:00,2010-01-03 04:07:00,2010-01-03 04:21:00,B6.1,POINT(51.0 -30.0),0
gev_20100103_0743,2010-01-03 07:43:00,2010-01-03 07:46:00,2010-01-03 07:54:00,B1.5,POINT(49.0 -27.0),0
gev_20100103_1050,2010-01-03 10:50:00,2010-01-03 11:03:00,2010-01-03 11:09:00,B1.5,POINT(56.0 -28.0),0
gev_20100103_1201,2010-01-03 12:01:00,2010-01-03 12:12:00,2010-01-03 12:28:00,B7.1,POINT(55.0 -27.0),0
gev_20100103_1443,2010-01-03 14:43:00,2010-01-03 14:48:00,2010-01-03 14:51:00,B1.1,POINT(53.0 -27.0),0
gev_20100103_1529,2010-01-03 15:29:00,2010-01-03 15:35:00,2010-01-03 15:41:00,B1.3,POINT(56.0 -28.0),0
gev_20100103_1552,2010-01-03 15:52:00,2010-01-03 16:03:00,2010-01-03 16:13:00,B6.7,POINT(57.0 -28.0),0
gev_20100103_1859,2010-01-03 18:59:00,2010-01-03 19:02:00,2010-01-03 19:04:00,B1.0,POINT(61.0 -25.0),0
gev_20100103_2043,2010-01-03 20:43:00,2010-01-03 20:49:00,2010-01-03 20:58:00,B3.3,POINT(61.0 -27.0),0
gev_20100104_0336,2010-01-04 03:36:00,2010-01-04 03:40:00,2010-01-04 03:42:00,C1.3,POINT(63.0 -28.0),0
gev_20100104_1000,2010-01-04 10:00:00,2010-01-04 10:04:00,2010-01-04 10:08:00,B1.4,POINT(65.0 -25.0),0
gev_20100104_1424,2010-01-04 14:24:00,2010-01-04 14:28:00,2010-01-04 14:35:00,B1.4,POINT(67.0 -26.0),0
gev_20100104_1951,2010-01-04 19:51:00,2010-01-04 19:56:00,2010-01-04 20:02:00,B1.2,POINT(69.0 -25.0),0
gev_20100104_2014,2010-01-04 20:14:00,2010-01-04 20:22:00,2010-01-04 20:27:00,B1.3,POINT(71.0 -27.0),0
gev_20100105_0846,2010-01-05 08:46:00,2010-01-05 08:52:00,2010-01-05 08:57:00,B1.2,POINT(81.0 -28.0),0
gev_20100105_0953,2010-01-05 09:53:00,2010-01-05 09:57:00,2010-01-05 10:02:00,B1.2,POINT(-30.0 -21.0),0
gev_20100106_0257,2010-01-06 02:57:00,2010-01-06 03:00:00,2010-01-06 03:07:00,B1.0,POINT(88.0 -27.0),0
gev_20100106_1640,2010-01-06 16:40:00,2010-01-06 16:45:00,2010-01-06 16:47:00,B1.7,POINT(-87.0 30.0),0
gev_20100106_1944,2010-01-06 19:44:00,2010-01-06 19:53:00,2010-01-06 19:57:00,B5.5,POINT(-82.0 29.0),0
gev_20100107_2123,2010-01-07 21:23:00,2010-01-07 21:28:00,2010-01-07 21:35:00,B1.3,POINT(41.0 -20.0),0
gev_20100108_1742,2010-01-08 17:42:00,2010-01-08 17:46:00,2010-01-08 17:49:00,B1.4,POINT(-52.0 28.0),1040
gev_20100109_0606,2010-01-09 06:06:00,2010-01-09 06:10:00,2010-01-09 06:13:00,B1.1,POINT(-45.0 29.0),1040
gev_20100109_0746,2010-01-09 07:46:00,2010-01-09 07:52:00,2010-01-09 08:00:00,B2.1,POINT(-44.0 27.0),1040
gev_20100109_0840,2010-01-09 08:40:00,2010-01-09 08:48:00,2010-01-09 08:56:00,B1.5,POINT(-47.0 30.0),0
gev_20100109_1107,2010-01-09 11:07:00,2010-01-09 11:14:00,2010-01-09 11:24:00,B3.6,POINT(-42.0 27.0),1040
gev_20100109_1241,2010-01-09 12:41:00,2010-01-09 12:45:00,2010-01-09 12:57:00,B1.2,POINT(-42.0 29.0),1040
gev_20100109_1450,2010-01-09 14:50:00,2010-01-09 15:03:00,2010-01-09 15:19:00,C1.0,POINT(-39.0 31.0),0
gev_20100109_2224,2010-01-09 22:24:00,2010-01-09 22:58:00,2010-01-09 23:23:00,B6.1,POINT(-42.0 35.0),0
gev_20100110_0027,2010-01-10 00:27:00,2010-01-10 00:35:00,2010-01-10 00:45:00,B2.5,POINT(-40.0 32.0),0
gev_20100110_0140,2010-01-10 01:40:00,2010-01-10 02:50:00,2010-01-10 03:08:00,B4.4,POINT(-33.0 32.0),0
gev_20100110_1152,2010-01-10 11:52:00,2010-01-10 11:57:00,2010-01-10 12:01:00,B3.7,POINT(-29.0 29.0),0
gev_20100110_1539,2010-01-10 15:39:00,2010-01-10 15:42:00,2010-01-10 15:45:00,B1.1,POINT(-28.0 28.0),1040
gev_20100110_1756,2010-01-10 17:56:00,2010-01-10 18:00:00,2010-01-10 18:07:00,B1.9,POINT(-22.0 26.0),1040
gev_20100110_2252,2010-01-10 22:52:00,2010-01-10 22:57:00,2010-01-10 23:04:00,B2.3,POINT(-24.0 28.0),1040
gev_20100111_0141,2010-01-11 01:41:00,2010-01-11 01:50:00,2010-01-11 01:53:00,B2.7,POINT(-20.0 27.0),1040
gev_20100111_0155,2010-01-11 01:55:00,2010-01-11 01:58:00,2010-01-11 02:02:00,B3.9,POINT(-20.0 27.0),1040
gev_20100111_0448,2010-01-11 04:48:00,2010-01-11 04:54:00,2010-01-11 05:05:00,B2.7,POINT(-18.0 25.0),1040
gev_20100111_0605,2010-01-11 06:05:00,2010-01-11 06:19:00,2010-01-11 06:34:00,B6.8,POINT(-16.0 26.0),1040
gev_20100111_0800,2010-01-11 08:00:00,2010-01-11 08:05:00,2010-01-11 08:11:00,B1.9,POINT(-32.0 27.0),0
gev_20100111_0908,2010-01-11 09:08:00,2010-01-11 09:11:00,2010-01-11 09:13:00,B1.3,POINT(-17.0 33.0),0
gev_20100111_1116,2010-01-11 11:16:00,2010-01-11 12:01:00,2010-01-11 12:16:00,B6.1,POINT(-19.0 29.0),1040
gev_20100111_1350,2010-01-11 13:50:00,2010-01-11 13:56:00,2010-01-11 14:01:00,B9.1,POINT(-14.0 26.0),1040
gev_20100111_1427,2010-01-11 14:27:00,2010-01-11 14:36:00,2010-01-11 14:48:00,B5.4,POINT(-13.0 25.0),1040
gev_20100111_1621,2010-01-11 16:21:00,2010-01-11 16:27:00,2010-01-11 16:45:00,B3.9,POINT(8.0 69.0),0
gev_20100112_1233,2010-01-12 12:33:00,2010-01-12 13:20:00,2010-01-12 13:34:00,C1.1,POINT(-1.0 35.0),0
gev_20100112_1733,2010-01-12 17:33:00,2010-01-12 17:36:00,2010-01-12 17:39:00,B2.7,POINT(4.0 25.0),1040
gev_20100112_1907,2010-01-12 19:07:00,2010-01-13 00:46:00,2010-01-13 02:14:00,B1.7,POINT(-3.0 31.0),0
gev_20100113_1459,2010-01-13 14:59:00,2010-01-13 15:04:00,2010-01-13 15:09:00,B2.5,POINT(9.0 30.0),0
gev_20100114_0115,2010-01-14 01:15:00,2010-01-14 01:21:00,2010-01-14 01:26:00,B3.0,POINT(nan nan),0
gev_20100114_0428,2010-01-14 04:28:00,2010-01-14 04:36:00,2010-01-14 04:47:00,B2.2,POINT(19.0 26.0),1040
gev_20100115_0713,2010-01-15 07:13:00,2010-01-15 08:41:00,2010-01-15 09:45:00,C1.3,POINT(29.0 30.0),0
gev_20100115_0722,2010-01-15 07:22:00,2010-01-15 08:41:00,2010-01-15 10:22:00,C1.3,POINT(31.0 31.0),0
gev_20100116_1228,2010-01-16 12:28:00,2010-01-16 12:40:00,2010-01-16 13:00:00,B3.9,POINT(50.0 30.0),0
gev_20100116_1716,2010-01-16 17:16:00,2010-01-16 17:23:00,2010-01-16 17:26:00,B1.9,POINT(49.0 28.0),0
gev_20100116_1827,2010-01-16 18:27:00,2010-01-16 18:30:00,2010-01-16 18:32:00,B3.5,POINT(57.0 25.0),1040
gev_20100116_2052,2010-01-16 20:52:00,2010-01-16 20:57:00,2010-01-16 21:00:00,B1.5,POINT(49.0 28.0),0
gev_20100117_1938,2010-01-17 19:38:00,2010-01-17 19:43:00,2010-01-17 19:50:00,B4.2,POINT(60.0 20.0),0
gev_20100117_2212,2010-01-17 22:12:00,2010-01-17 22:33:00,2010-01-17 22:41:00,C2.1,POINT(76.0 29.0),1040
gev_20100118_0301,2010-01-18 03:01:00,2010-01-18 03:30:00,2010-01-18 04:05:00,B7.5,POINT(-88.0 -24.0),0
gev_20100118_0302,2010-01-18 03:02:00,2010-01-18 03:30:00,2010-01-18 03:58:00,B7.5,POINT(-88.0 -24.0),0
gev_20100118_0532,2010-01-18 05:32:00,2010-01-18 05:54:00,2010-01-18 06:07:00,B8.4,POINT(-88.0 -25.0),0
gev_20100118_1954,2010-01-18 19:54:00,2010-01-18 20:39:00,2010-01-18 21:06:00,C4.9,POINT(-87.0 -29.0),0
gev_20100118_2222,2010-01-18 22:22:00,2010-01-18 22:25:00,2010-01-18 22:28:00,B6.8,POINT(-87.0 -30.0),0
gev_20100119_0614,2010-01-19 06:14:00,2010-01-19 06:18:00,2010-01-19 06:36:00,B5.8,POINT(-87.0 -26.0),0
gev_20100119_0703,2010-01-19 07:03:00,2010-01-19 07:11:00,2010-01-19 07:17:00,B8.3,POINT(86.0 27.0),0
gev_20100119_0834,2010-01-19 08:34:00,2010-01-19 08:45:00,2010-01-19 09:14:00,C5.2,POINT(86.0 28.0),0
gev_20100119_1025,2010-01-19 10:25:00,2010-01-19 10:29:00,2010-01-19 10:36:00,C1.1,POINT(-87.0 -25.0),0
gev_20100119_1303,2010-01-19 13:03:00,2010-01-19 13:41:00,2010-01-19 13:50:00,M2.3,POINT(-88.0 -25.0),0
gev_20100119_1532,2010-01-19 15:32:00,2010-01-19 15:36:00,2010-01-19 15:43:00,C2.3,POINT(-88.0 -23.0),0
gev_20100119_1744,2010-01-19 17:44:00,2010-01-19 17:55:00,2010-01-19 18:21:00,C5.1,POINT(-87.0 -25.0),0
gev_20100119_2023,2010-01-19 20:23:00,2010-01-19 20:35:00,2010-01-19 20:46:00,M1.7,POINT(-88.0 -25.0),0
gev_20100119_2223,2010-01-19 22:23:00,2010-01-19 22:33:00,2010-01-19 22:40:00,C4.5,POINT(-88.0 -23.0),0
gev_20100119_2317,2010-01-19 23:17:00,2010-01-19 23:26:00,2010-01-19 23:38:00,C2.2,POINT(-88.0 -24.0),0
gev_20100120_0010,2010-01-20 00:10:00,2010-01-20 00:22:00,2010-01-20 00:30:00,C4.0,POINT(-88.0 -25.0),0
gev_20100120_0247,2010-01-20 02:47:00,2010-01-20 02:53:00,2010-01-20 03:02:00,C1.7,POINT(-87.0 -25.0),0
gev_20100120_0448,2010-01-20 04:48:00,2010-01-20 04:57:00,2010-01-20 05:03:00,C5.0,POINT(-88.0 -25.0),0
gev_20100120_0610,2010-01-20 06:10:00,2010-01-20 06:18:00,2010-01-20 06:28:00,C3.9,POINT(-88.0 -23.0),0
gev_20100120_0645,2010-01-20 06:45:00,2010-01-20 07:27:00,2010-01-20 07:34:00,M1.0,POINT(-88.0 -24.0),0
gev_20100120_0659,2010-01-20 06:59:00,2010-01-20 07:14:00,2010-01-20 07:22:00,C9.7,POINT(-88.0 -24.0),0
gev_20100120_0722,2010-01-20 07:22:00,2010-01-20 07:27:00,2010-01-20 07:32:00,M1.0,POINT(-88.0 -24.0),0
gev_20100120_0742,2010-01-20 07:42:00,2010-01-20 07:49:00,2010-01-20 07:53:00,M1.6,POINT(-88.0 -23.0),0
gev_20100120_0913,2010-01-20 09:13:00,2010-01-20 09:29:00,2010-01-20 09:41:00,C3.7,POINT(-88.0 -24.0),0
gev_20100120_1046,2010-01-20 10:46:00,2010-01-20 10:59:00,2010-01-20 11:10:00,M1.8,POINT(-87.0 -25.0),0
gev_20100120_1228,2010-01-20 12:28:00,2010-01-20 12:32:00,2010-01-20 12:36:00,C3.9,POINT(-88.0 -23.0),0
gev_20100120_1319,2010-01-20 13:19:00,2010-01-20 13:25:00,2010-01-20 13:44:00,C1.3,POINT(-88.0 -24.0),0
gev_20100120_1429,2010-01-20 14:29:00,2010-01-20 14:32:00,2010-01-20 14:32:00,B7.9,POINT(-88.0 -24.0),0
gev_20100120_1510,2010-01-20 15:10:00,2010-01-20 15:20:00,2010-01-20 15:28:00,C2.2,POINT(-88.0 -24.0),0
gev_20100120_1543,2010-01-20 15:43:00,2010-01-20 15:46:00,2010-01-20 15:48:00,B9.4,POINT(-82.0 -25.0),0
gev_20100120_1710,2010-01-20 17:10:00,2010-01-20 17:13:00,2010-01-20 17:18:00,B6.9,POINT(-88.0 -23.0),0
gev_20100120_1728,2010-01-20 17:28:00,2010-01-20 17:33:00,2010-01-20 17:35:00,C1.0,POINT(-84.0 -25.0),0
gev_20100120_1750,2010-01-20 17:50:00,2010-01-20 17:55:00,2010-01-20 18:00:00,M3.4,POINT(-88.0 -24.0),0
gev_20100120_2157,2010-01-20 21:57:00,2010-01-20 22:13:00,2010-01-20 22:53:00,B6.7,POINT(-71.0 61.0),0
gev_20100121_0021,2010-01-21 00:21:00,2010-01-21 00:26:00,2010-01-21 00:29:00,B7.9,POINT(-80.0 -24.0),0
gev_20100121_0349,2010-01-21 03:49:00,2010-01-21 03:54:00,2010-01-21 03:58:00,C2.3,POINT(-81.0 -25.0),0
gev_20100121_1042,2010-01-21 10:42:00,2010-01-21 10:49:00,2010-01-21 10:53:00,C1.2,POINT(-72.0 -25.0),0
gev_20100121_1653,2010-01-21 16:53:00,2010-01-21 17:33:00,2010-01-21 18:31:00,B4.6,POINT(-67.0 -28.0),0
gev_20100122_0257,2010-01-22 02:57:00,2010-01-22 03:01:00,2010-01-22 03:09:00,B1.7,POINT(-39.0 -9.0),0
gev_20100122_1048,2010-01-22 10:48:00,2010-01-22 10:53:00,2010-01-22 10:55:00,B5.6,POINT(-53.0 -23.0),0
gev_20100122_1105,2010-01-22 11:05:00,2010-01-22 11:09:00,2010-01-22 11:18:00,B3.0,POINT(-59.0 -24.0),0
gev_20100122_1548,2010-01-22 15:48:00,2010-01-22 15:55:00,2010-01-22 16:02:00,B3.0,POINT(-53.0 -25.0),0
gev_20100122_1637,2010-01-22 16:37:00,2010-01-22 16:40:00,2010-01-22 16:44:00,B2.1,POINT(-51.0 -25.0),0
gev_20100122_1707,2010-01-22 17:07:00,2010-01-22 17:11:00,2010-01-22 17:14:00,B9.6,POINT(-55.0 -24.0),0
gev_20100122_2018,2010-01-22 20:18:00,2010-01-22 20:22:00,2010-01-22 20:25:00,B1.3,POINT(-54.0 -24.0),0
gev_20100123_0011,2010-01-23 00:11:00,2010-01-23 00:21:00,2010-01-23 00:28:00,B2.3,POINT(-49.0 -25.0),0
gev_20100123_0538,2010-01-23 05:38:00,2010-01-23 05:44:00,2010-01-23 05:49:00,B2.4,POINT(32.0 20.0),0
gev_20100123_0632,2010-01-23 06:32:00,2010-01-23 06:36:00,2010-01-23 06:44:00,B1.9,POINT(31.0 23.0),0
gev_20100123_0742,2010-01-23 07:42:00,2010-01-23 07:48:00,2010-01-23 07:54:00,B4.4,POINT(-47.0 -25.0),0
gev_20100123_1322,2010-01-23 13:22:00,2010-01-23 13:31:00,2010-01-23 13:38:00,B2.2,POINT(-44.0 -25.0),0
gev_20100123_1608,2010-01-23 16:08:00,2010-01-23 16:12:00,2010-01-23 16:17:00,B3.8,POINT(-43.0 -26.0),0
gev_20100123_2101,2010-01-23 21:01:00,2010-01-23 21:06:00,2010-01-23 21:11:00,B2.5,POINT(-46.0 -27.0),0
gev_20100123_2147,2010-01-23 21:47:00,2010-01-23 21:52:00,2010-01-23 21:58:00,B2.5,POINT(41.0 20.0),0
gev_20100124_0052,2010-01-24 00:52:00,2010-01-24 01:04:00,2010-01-24 01:10:00,B2.1,POINT(43.0 20.0),0
gev_20100124_1231,2010-01-24 12:31:00,2010-01-24 12:45:00,2010-01-24 12:58:00,B3.1,POINT(-29.0 -26.0),0
gev_20100124_2037,2010-01-24 20:37:00,2010-01-24 20:51:00,2010-01-24 21:05:00,B2.0,POINT(-73.0 -22.0),0
gev_20100126_0048,2010-01-26 00:48:00,2010-01-26 00:54:00,2010-01-26 01:05:00,B2.9,POINT(-9.0 -22.0),0
gev_20100126_0245,2010-01-26 02:45:00,2010-01-26 02:52:00,2010-01-26 03:00:00,B1.5,POINT(87.0 23.0),0
gev_20100126_0303,2010-01-26 03:03:00,2010-01-26 03:06:00,2010-01-26 03:09:00,B1.4,POINT(-16.0 -26.0),0
gev_20100126_1701,2010-01-26 17:01:00,2010-01-26 17:05:00,2010-01-26 17:08:00,B3.2,POINT(72.0 19.0),0
gev_20100126_1740,2010-01-26 17:40:00,2010-01-26 17:51:00,2010-01-26 17:58:00,B6.7,POINT(-7.0 -27.0),0
gev_20100126_2050,2010-01-26 20:50:00,2010-01-26 20:56:00,2010-01-26 21:07:00,B4.6,POINT(-5.0 -27.0),0
gev_20100126_2118,2010-01-26 21:18:00,2010-01-26 21:31:00,2010-01-26 21:36:00,B4.8,POINT(87.0 24.0),0
gev_20100126_2146,2010-01-26 21:46:00,2010-01-26 21:51:00,2010-01-26 21:56:00,B6.3,POINT(83.0 24.0),0
gev_20100126_2252,2010-01-26 22:52:00,2010-01-26 22:59:00,2010-01-26 23:09:00,B2.1,POINT(87.0 24.0),0
gev_20100127_0012,2010-01-27 00:12:00,2010-01-27 00:19:00,2010-01-27 00:26:00,B6.2,POINT(0.0 -27.0),0
gev_20100127_0245,2010-01-27 02:45:00,2010-01-27 02:50:00,2010-01-27 02:53:00,B2.4,POINT(2.0 -28.0),0
gev_20100127_1907,2010-01-27 19:07:00,2010-01-27 19:12:00,2010-01-27 19:30:00,B1.6,POINT(8.0 -26.0),0
gev_20100127_2216,2010-01-27 22:16:00,2010-01-27 22:20:00,2010-01-27 22:27:00,B1.5,POINT(80.0 15.0),0
gev_20100128_0642,2010-01-28 06:42:00,2010-01-28 06:49:00,2010-01-28 06:51:00,B4.0,POINT(14.0 -25.0),0
gev_20100130_1717,2010-01-30 17:17:00,2010-01-30 17:22:00,2010-01-30 17:27:00,B1.1,POINT(-43.0 29.0),0
gev_20100131_0410,2010-01-31 04:10:00,2010-01-31 04:21:00,2010-01-31 04:30:00,B1.5,POINT(42.0 9.0),0
gev_20100201_0535,2010-02-01 05:35:00,2010-02-01 05:53:00,2010-02-01 06:01:00,B3.4,POINT(nan nan),0
gev_20100203_0418,2010-02-03 04:18:00,2010-02-03 05:21:00,2010-02-03 06:21:00,B1.5,POINT(-87.0 15.0),0
gev_20100203_0441,2010-02-03 04:41:00,2010-02-03 05:40:00,2010-02-03 06:10:00,B1.5,POINT(-87.0 16.0),0
gev_20100205_1855,2010-02-05 18:55:00,2010-02-05 19:03:00,2010-02-05 19:10:00,B3.6,POINT(-31.0 22.0),0
gev_20100205_2308,2010-02-05 23:08:00,2010-02-05 23:17:00,2010-02-05 23:26:00,B2.8,POINT(45.0 27.0),0
gev_20100205_2336,2010-02-05 23:36:00,2010-02-05 23:39:00,2010-02-05 23:41:00,B1.5,POINT(-26.0 22.0),0
gev_20100206_0125,2010-02-06 01:25:00,2010-02-06 01:29:00,2010-02-06 01:35:00,B1.1,POINT(34.0 20.0),1044
gev_20100206_0659,2010-02-06 06:59:00,2010-02-06 07:04:00,2010-02-06 07:09:00,C4.0,POINT(-22.0 21.0),1045
gev_20100206_0822,2010-02-06 08:22:00,2010-02-06 08:29:00,2010-02-06 08:32:00,B2.8,POINT(-20.0 21.0),1045
gev_20100206_0942,2010-02-06 09:42:00,2010-02-06 09:45:00,2010-02-06 09:48:00,B1.7,POINT(-19.0 22.0),1045
gev_20100206_1034,2010-02-06 10:34:00,2010-02-06 10:48:00,2010-02-06 11:01:00,C1.0,POINT(-19.0 22.0),1045
gev_20100206_1401,2010-02-06 14:01:00,2010-02-06 14:36:00,2010-02-06 15:10:00,B9.0,POINT(-16.0 22.0),1045
gev_20100206_1525,2010-02-06 15:25:00,2010-02-06 15:39:00,2010-02-06 15:49:00,C3.4,POINT(-20.0 24.0),1045
gev_20100206_1806,2010-02-06 18:06:00,2010-02-06 18:13:00,2010-02-06 18:31:00,B6.2,POINT(-14.0 22.0),1045
gev_20100206_1847,2010-02-06 18:47:00,2010-02-06 18:59:00,2010-02-06 19:09:00,M2.9,POINT(-15.0 21.0),1045
gev_20100206_2131,2010-02-06 21:31:00,2010-02-06 21:37:00,2010-02-06 21:42:00,M1.3,POINT(-12.0 22.0),1045
gev_20100206_2227,2010-02-06 22:27:00,2010-02-06 22:31:00,2010-02-06 22:33:00,C2.2,POINT(-16.0 25.0),1045
gev_20100206_2245,2010-02-06 22:45:00,2010-02-06 22:59:00,2010-02-06 23:19:00,C2.7,POINT(-27.0 22.0),0
gev_20100207_0220,2010-02-07 02:20:00,2010-02-07 02:34:00,2010-02-07 02:39:00,M6.4,POINT(-11.0 21.0),1045
gev_20100207_0325,2010-02-07 03:25:00,2010-02-07 03:29:00,2010-02-07 03:33:00,C1.1,POINT(-12.0 22.0),1045
gev_20100207_0442,2010-02-07 04:42:00,2010-02-07 04:52:00,2010-02-07 04:54:00,C9.9,POINT(-11.0 26.0),1045
gev_20100207_0643,2010-02-07 06:43:00,2010-02-07 06:48:00,2010-02-07 06:51:00,B6.3,POINT(-7.0 21.0),1045
gev_20100207_0757,2010-02-07 07:57:00,2010-02-07 08:01:00,2010-02-07 08:05:00,B7.4,POINT(-86.0 24.0),1046
gev_20100207_0853,2010-02-07 08:53:00,2010-02-07 08:56:00,2010-02-07 08:58:00,B3.5,POINT(-11.0 23.0),1045
gev_20100207_0918,2010-02-07 09:18:00,2010-02-07 09:24:00,2010-02-07 09:29:00,B3.5,POINT(-10.0 23.0),1045
gev_20100207_0944,2010-02-07 09:44:00,2010-02-07 09:48:00,2010-02-07 09:48:00,B3.3,POINT(-15.0 26.0),0
gev_20100207_1333,2010-02-07 13:33:00,2010-02-07 13:37:00,2010-02-07 13:39:00,B7.1,POINT(-7.0 21.0),1045
gev_20100207_1833,2010-02-07 18:33:00,2010-02-07 18:36:00,2010-02-07 18:40:00,B8.3,POINT(-2.0 16.0),1045
gev_20100207_2109,2010-02-07 21:09:00,2010-02-07 21:15:00,2010-02-07 21:19:00,C4.2,POINT(-0.0 21.0),1045
gev_20100207_2131,2010-02-07 21:31:00,2010-02-07 21:39:00,2010-02-07 21:45:00,C4.2,POINT(-2.0 23.0),1045
gev_20100207_2228,2010-02-07 22:28:00,2010-02-07 22:31:00,2010-02-07 22:33:00,C1.0,POINT(1.0 21.0),1045
gev_20100208_0010,2010-02-08 00:10:00,2010-02-08 00:16:00,2010-02-08 00:18:00,C1.4,POINT(0.0 20.0),1045
gev_20100208_0110,2010-02-08 01:10:00,2010-02-08 01:14:00,2010-02-08 01:16:00,B5.8,POINT(-6.0 23.0),0
gev_20100208_0123,2010-02-08 01:23:00,2010-02-08 01:29:00,2010-02-08 01:31:00,B7.0,POINT(-6.0 19.0),0
gev_20100208_0222,2010-02-08 02:22:00,2010-02-08 02:37:00,2010-02-08 02:40:00,B7.4,POINT(-4.0 24.0),0
gev_20100208_0246,2010-02-08 02:46:00,2010-02-08 02:52:00,2010-02-08 02:56:00,B8.3,POINT(-5.0 25.0),0
gev_20100208_0308,2010-02-08 03:08:00,2010-02-08 03:17:00,2010-02-08 03:23:00,C6.2,POINT(-6.0 24.0),0
gev_20100208_0352,2010-02-08 03:52:00,2010-02-08 03:58:00,2010-02-08 04:02:00,C2.4,POINT(-1.0 33.0),0
gev_20100208_0404,2010-02-08 04:04:00,2010-02-08 04:15:00,2010-02-08 04:20:00,C7.7,POINT(-5.0 22.0),0
gev_20100208_0512,2010-02-08 05:12:00,2010-02-08 05:23:00,2010-02-08 05:30:00,C8.6,POINT(-5.0 25.0),0
gev_20100208_0559,2010-02-08 05:59:00,2010-02-08 06:06:00,2010-02-08 06:13:00,C6.8,POINT(1.0 27.0),1045
gev_20100208_0659,2010-02-08 06:59:00,2010-02-08 07:03:00,2010-02-08 07:08:00,C1.9,POINT(0.0 18.0),1045
gev_20100208_0736,2010-02-08 07:36:00,2010-02-08 07:43:00,2010-02-08 07:46:00,M4.0,POINT(-1.0 28.0),0
gev_20100208_0803,2010-02-08 08:03:00,2010-02-08 08:07:00,2010-02-08 08:10:00,C1.9,POINT(3.0 27.0),1045
gev_20100208_0954,2010-02-08 09:54:00,2010-02-08 09:58:00,2010-02-08 10:03:00,C2.8,POINT(6.0 19.0),1045
gev_20100208_1100,2010-02-08 11:00:00,2010-02-08 11:05:00,2010-02-08 11:06:00,C1.3,POINT(3.0 21.0),1045
gev_20100208_1157,2010-02-08 11:57:00,2010-02-08 12:03:00,2010-02-08 12:06:00,M1.1,POINT(7.0 21.0),1045
gev_20100208_1332,2010-02-08 13:32:00,2010-02-08 13:37:00,2010-02-08 13:37:00,C1.0,POINT(6.0 10.0),1045
gev_20100208_1456,2010-02-08 14:56:00,2010-02-08 15:03:00,2010-02-08 15:15:00,C1.2,POINT(3.0 11.0),1045
gev_20100208_1528,2010-02-08 15:28:00,2010-02-08 15:36:00,2010-02-08 15:39:00,C1.3,POINT(-54.0 18.0),0
gev_20100208_1546,2010-02-08 15:46:00,2010-02-08 15:52:00,2010-02-08 15:56:00,C3.8,POINT(6.0 20.0),1045
gev_20100208_1633,2010-02-08 16:33:00,2010-02-08 16:36:00,2010-02-08 16:37:00,B6.7,POINT(5.0 11.0),1045
gev_20100208_1722,2010-02-08 17:22:00,2010-02-08 17:26:00,2010-02-08 17:35:00,B7.0,POINT(12.0 16.0),1045
gev_20100208_1743,2010-02-08 17:43:00,2010-02-08 17:49:00,2010-02-08 17:56:00,B7.7,POINT(9.0 23.0),1045
gev_20100208_1803,2010-02-08 18:03:00,2010-02-08 18:08:00,2010-02-08 18:11:00,C1.3,POINT(8.0 21.0),1045
gev_20100208_1821,2010-02-08 18:21:00,2010-02-08 18:25:00,2010-02-08 18:29:00,B7.8,POINT(8.0 23.0),1045
gev_20100208_1902,2010-02-08 19:02:00,2010-02-08 19:10:00,2010-02-08 19:20:00,C2.4,POINT(11.0 21.0),1045
gev_20100208_1934,2010-02-08 19:34:00,2010-02-08 19:38:00,2010-02-08 19:40:00,C1.7,POINT(8.0 20.0),1045
gev_20100208_2001,2010-02-08 20:01:00,2010-02-08 20:06:00,2010-02-08 20:09:00,B8.6,POINT(14.0 20.0),1045
gev_20100208_2101,2010-02-08 21:01:00,2010-02-08 21:09:00,2010-02-08 21:09:00,B4.9,POINT(10.0 21.0),1045
gev_20100208_2153,2010-02-08 21:53:00,2010-02-08 21:58:00,2010-02-08 22:01:00,C2.2,POINT(11.0 22.0),1045
gev_20100208_2234,2010-02-08 22:34:00,2010-02-08 22:39:00,2010-02-08 22:44:00,B8.4,POINT(13.0 23.0),1045
gev_20100209_0013,2010-02-09 00:13:00,2010-02-09 00:29:00,2010-02-09 00:54:00,B6.1,POINT(12.0 21.0),1045
gev_20100209_0113,2010-02-09 01:13:00,2010-02-09 01:25:00,2010-02-09 01:34:00,C2.7,POINT(11.0 22.0),1045
gev_20100209_0404,2010-02-09 04:04:00,2010-02-09 04:17:00,2010-02-09 04:22:00,C2.4,POINT(14.0 27.0),1045
gev_20100209_0744,2010-02-09 07:44:00,2010-02-09 07:47:00,2010-02-09 07:50:00,B1.8,POINT(9.0 24.0),0
gev_20100209_0844,2010-02-09 08:44:00,2010-02-09 08:49:00,2010-02-09 08:54:00,B6.5,POINT(16.0 22.0),1045
gev_20100209_1024,2010-02-09 10:24:00,2010-02-09 10:31:00,2010-02-09 10:46:00,B2.5,POINT(19.0 21.0),1045
gev_20100209_1124,2010-02-09 11:24:00,2010-02-09 11:31:00,2010-02-09 11:39:00,C1.8,POINT(20.0 21.0),1045
gev_20100209_1737,2010-02-09 17:37:00,2010-02-09 17:41:00,2010-02-09 17:48:00,B2.4,POINT(23.0 16.0),1045
gev_20100210_0023,2010-02-10 00:23:00,2010-02-10 00:26:00,2010-02-10 00:28:00,C1.5,POINT(20.0 19.0),0
gev_20100210_0215,2010-02-10 02:15:00,2010-02-10 02:20:00,2010-02-10 02:25:00,B2.8,POINT(18.0 26.0),0
gev_20100210_0556,2010-02-10 05:56:00,2010-02-10 05:59:00,2010-02-10 06:02:00,B3.4,POINT(22.0 21.0),0
gev_20100210_0611,2010-02-10 06:11:00,2010-02-10 06:14:00,2010-02-10 06:17:00,B8.6,POINT(29.0 21.0),0
gev_20100210_0703,2010-02-10 07:03:00,2010-02-10 07:09:00,2010-02-10 07:15:00,B4.8,POINT(28.0 22.0),0
gev_20100210_0716,2010-02-10 07:16:00,2010-02-10 07:19:00,2010-02-10 07:21:00,B7.7,POINT(30.0 21.0),0
gev_20100210_0808,2010-02-10 08:08:00,2010-02-10 08:12:00,2010-02-10 08:17:00,B4.2,POINT(-43.0 22.0),0
gev_20100210_1143,2010-02-10 11:43:00,2010-02-10 11:50:00,2010-02-10 11:56:00,B3.4,POINT(26.0 16.0),0
gev_20100210_1458,2010-02-10 14:58:00,2010-02-10 15:06:00,2010-02-10 15:09:00,C1.2,POINT(33.0 22.0),0
gev_20100210_1510,2010-02-10 15:10:00,2010-02-10 15:14:00,2010-02-10 15:19:00,C3.7,POINT(34.0 21.0),0
gev_20100210_2203,2010-02-10 22:03:00,2010-02-10 22:10:00,2010-02-10 22:16:00,B9.5,POINT(-37.0 22.0),0
gev_20100210_2312,2010-02-10 23:12:00,2010-02-10 23:15:00,2010-02-10 23:18:00,B3.8,POINT(-28.0 25.0),0
gev_20100211_0148,2010-02-11 01:48:00,2010-02-11 01:51:00,2010-02-11 01:53:00,B3.5,POINT(-28.0 29.0),0
gev_20100211_0557,2010-02-11 05:57:00,2010-02-11 06:15:00,2010-02-11 06:27:00,B6.5,POINT(-31.0 23.0),0
gev_20100211_1430,2010-02-11 14:30:00,2010-02-11 14:34:00,2010-02-11 14:42:00,B2.3,POINT(-24.0 18.0),0
gev_20100211_1508,2010-02-11 15:08:00,2010-02-11 15:12:00,2010-02-11 15:16:00,B5.2,POINT(-23.0 16.0),0
gev_20100211_1700,2010-02-11 17:00:00,2010-02-11 17:04:00,2010-02-11 17:09:00,B2.5,POINT(50.0 23.0),0
gev_20100211_1920,2010-02-11 19:20:00,2010-02-11 19:41:00,2010-02-11 20:01:00,C1.1,POINT(-19.0 23.0),0
gev_20100211_2202,2010-02-11 22:02:00,2010-02-11 22:05:00,2010-02-11 22:10:00,B2.6,POINT(-1.0 25.0),0
gev_20100212_0354,2010-02-12 03:54:00,2010-02-12 03:58:00,2010-02-12 04:01:00,B3.2,POINT(-13.0 23.0),1046
gev_20100212_0718,2010-02-12 07:18:00,2010-02-12 07:25:00,2010-02-12 07:28:00,C7.9,POINT(-20.0 31.0),1046
gev_20100212_0938,2010-02-12 09:38:00,2010-02-12 09:42:00,2010-02-12 09:45:00,B9.6,POINT(-16.0 29.0),1046
gev_20100212_1119,2010-02-12 11:19:00,2010-02-12 11:26:00,2010-02-12 11:28:00,M8.3,POINT(-7.0 21.0),1046
gev_20100212_1242,2010-02-12 12:42:00,2010-02-12 12:46:00,2010-02-12 12:49:00,B8.9,POINT(-4.0 23.0),1046
gev_20100212_1525,2010-02-12 15:25:00,2010-02-12 15:29:00,2010-02-12 15:32:00,B6.2,POINT(58.0 25.0),1045
gev_20100212_1546,2010-02-12 15:46:00,2010-02-12 15:51:00,2010-02-12 15:54:00,B6.5,POINT(58.0 26.0),1045
gev_20100212_1752,2010-02-12 17:52:00,2010-02-12 18:08:00,2010-02-12 18:15:00,M1.1,POINT(57.0 27.0),1045
gev_20100212_2046,2010-02-12 20:46:00,2010-02-12 20:51:00,2010-02-12 20:55:00,C1.3,POINT(-5.0 25.0),1046
gev_20100212_2120,2010-02-12 21:20:00,2010-02-12 23:30:00,2010-02-13 00:40:00,C1.0,POINT(58.0 27.0),1045
gev_20100212_2233,2010-02-12 22:33:00,2010-02-12 22:40:00,2010-02-12 22:44:00,C3.0,POINT(59.0 25.0),1045
gev_20100213_0139,2010-02-13 01:39:00,2010-02-13 01:46:00,2010-02-13 01:49:00,B7.9,POINT(85.0 29.0),1045
gev_20100213_0239,2010-02-13 02:39:00,2010-02-13 03:23:00,2010-02-13 03:29:00,B5.1,POINT(85.0 29.0),1045
gev_20100213_0746,2010-02-13 07:46:00,2010-02-13 07:52:00,2010-02-13 08:06:00,C4.3,POINT(-86.0 20.0),1048
gev_20100213_1228,2010-02-13 12:28:00,2010-02-13 12:39:00,2010-02-13 12:48:00,C9.6,POINT(-87.0 20.0),1048
gev_20100213_1812,2010-02-13 18:12:00,2010-02-13 18:17:00,2010-02-13 18:21:00,B4.3,POINT(60.0 27.0),1045
gev_20100213_1958,2010-02-13 19:58:00,2010-02-13 20:04:00,2010-02-13 20:08:00,C2.7,POINT(14.0 24.0),1046
gev_20100213_2042,2010-02-13 20:42:00,2010-02-13 20:52:00,2010-02-13 21:05:00,C3.0,POINT(-82.0 21.0),1048
gev_20100213_2324,2010-02-13 23:24:00,2010-02-13 23:31:00,2010-02-13 23:33:00,B5.3,POINT(4.0 25.0),0
gev_20100214_0852,2010-02-14 08:52:00,2010-02-14 09:01:00,2010-02-14 09:09:00,B6.5,POINT(86.0 23.0),0
gev_20100214_1149,2010-02-14 11:49:00,2010-02-14 12:04:00,2010-02-14 12:18:00,C4.3,POINT(-73.0 20.0),0
gev_20100214_2007,2010-02-14 20:07:00,2010-02-14 20:12:00,2010-02-14 20:23:00,B2.7,POINT(-70.0 21.0),0
gev_20100214_2133,2010-02-14 21:33:00,2010-02-14 21:38:00,2010-02-14 21:41:00,B2.5,POINT(54.0 25.0),0
gev_20100215_0105,2010-02-15 01:05:00,2010-02-15 01:16:00,2010-02-15 01:34:00,C1.9,POINT(-66.0 20.0),0
gev_20100215_1030,2010-02-15 10:30:00,2010-02-15 10:34:00,2010-02-15 10:36:00,B2.3,POINT(-59.0 19.0),0
gev_20100215_1042,2010-02-15 10:42:00,2010-02-15 10:47:00,2010-02-15 10:55:00,B5.0,POINT(-59.0 20.0),0
gev_20100215_1530,2010-02-15 15:30:00,2010-02-15 15:34:00,2010-02-15 15:56:00,B1.7,POINT(-56.0 20.0),0
gev_20100215_1735,2010-02-15 17:35:00,2010-02-15 17:40:00,2010-02-15 17:44:00,B1.9,POINT(68.0 26.0),0
gev_20100216_0348,2010-02-16 03:48:00,2010-02-16 03:53:00,2010-02-16 03:53:00,B1.2,POINT(-55.0 24.0),0
gev_20100217_0647,2010-02-17 06:47:00,2010-02-17 06:53:00,2010-02-17 07:02:00,B1.1,POINT(-10.0 -19.0),0
gev_20100217_0729,2010-02-17 07:29:00,2010-02-17 07:41:00,2010-02-17 07:55:00,B2.6,POINT(-36.0 19.0),0
gev_20100217_2028,2010-02-17 20:28:00,2010-02-17 20:31:00,2010-02-17 20:35:00,B1.3,POINT(61.0 25.0),0
gev_20100217_2341,2010-02-17 23:41:00,2010-02-17 23:44:00,2010-02-17 23:52:00,B1.1,POINT(-2.0 -18.0),0
gev_20100218_0050,2010-02-18 00:50:00,2010-02-18 01:00:00,2010-02-18 01:05:00,B1.3,POINT(-34.0 24.0),1048
gev_20100218_1132,2010-02-18 11:32:00,2010-02-18 11:37:00,2010-02-18 11:45:00,B1.8,POINT(7.0 -19.0),1049
gev_20100219_0905,2010-02-19 09:05:00,2010-02-19 09:16:00,2010-02-19 09:33:00,B2.7,POINT(18.0 -20.0),1049
gev_20100220_0915,2010-02-20 09:15:00,2010-02-20 09:19:00,2010-02-20 09:27:00,B1.2,POINT(2.0 25.0),0
gev_20100221_0150,2010-02-21 01:50:00,2010-02-21 01:56:00,2010-02-21 02:01:00,B1.4,POINT(-45.0 -25.0),0
gev_20100221_1112,2010-02-21 11:12:00,2010-02-21 12:16:00,2010-02-21 12:26:00,B1.2,POINT(50.0 -19.0),0
gev_20100221_1540,2010-02-21 15:40:00,2010-02-21 16:08:00,2010-02-21 16:41:00,B1.4,POINT(-36.0 -27.0),0
gev_20100222_1313,2010-02-22 13:13:00,2010-02-22 13:23:00,2010-02-22 13:32:00,B2.2,POINT(-87.0 13.0),0
gev_20100222_1827,2010-02-22 18:27:00,2010-02-22 18:33:00,2010-02-22 18:39:00,B1.5,POINT(70.0 -20.0),1049
gev_20100222_2132,2010-02-22 21:32:00,2010-02-22 21:37:00,2010-02-22 21:56:00,B1.4,POINT(67.0 -16.0),1049
gev_20100222_2256,2010-02-22 22:56:00,2010-02-22 23:00:00,2010-02-22 23:04:00,B2.5,POINT(-87.0 15.0),0
gev_20100223_2356,2010-02-23 23:56:00,2010-02-24 00:01:00,2010-02-24 00:09:00,B3.0,POINT(-87.0 16.0),1051
gev_20100224_0156,2010-02-24 01:56:00,2010-02-24 02:05:00,2010-02-24 02:09:00,B3.1,POINT(85.0 -16.0),1049
gev_20100224_0218,2010-02-24 02:18:00,2010-02-24 02:23:00,2010-02-24 02:26:00,B3.5,POINT(-81.0 14.0),1051
gev_20100224_1828,2010-02-24 18:28:00,2010-02-24 18:31:00,2010-02-24 18:35:00,B1.5,POINT(-67.0 15.0),1051
gev_20100226_1223,2010-02-26 12:23:00,2010-02-26 12:31:00,2010-02-26 12:32:00,B1.1,POINT(-47.0 18.0),1051
gev_20100227_1924,2010-02-27 19:24:00,2010-02-27 19:29:00,2010-02-27 19:34:00,B1.6,POINT(-27.0 16.0),0
gev_20100227_2220,2010-02-27 22:20:00,2010-02-27 22:24:00,2010-02-27 22:26:00,B1.1,POINT(-25.0 17.0),0
gev_20100228_2336,2010-02-28 23:36:00,2010-02-28 23:40:00,2010-02-28 23:46:00,B1.1,POINT(-15.0 18.0),0
gev_20100301_2226,2010-03-01 22:26:00,2010-03-01 22:58:00,2010-03-01 22:59:00,B6.5,POINT(-85.0 29.0),0
gev_20100303_2232,2010-03-03 22:32:00,2010-03-03 22:44:00,2010-03-03 22:44:00,B1.5,POINT(-60.0 24.0),0
gev_20100304_0328,2010-03-04 03:28:00,2010-03-04 03:36:00,2010-03-04 03:42:00,B2.0,POINT(55.0 -17.0),1052
gev_20100304_0410,2010-03-04 04:10:00,2010-03-04 04:17:00,2010-03-04 04:22:00,B1.7,POINT(56.0 -16.0),1052
gev_20100304_0501,2010-03-04 05:01:00,2010-03-04 05:15:00,2010-03-04 05:23:00,B2.6,POINT(61.0 -16.0),1050
gev_20100304_0557,2010-03-04 05:57:00,2010-03-04 05:58:00,2010-03-04 06:02:00,B3.9,POINT(64.0 -17.0),0
gev_20100304_0731,2010-03-04 07:31:00,2010-03-04 07:37:00,2010-03-04 07:37:00,B1.3,POINT(65.0 -17.0),0
gev_20100304_0800,2010-03-04 08:00:00,2010-03-04 08:08:00,2010-03-04 08:14:00,B2.0,POINT(62.0 -15.0),1050
gev_20100304_1203,2010-03-04 12:03:00,2010-03-04 12:11:00,2010-03-04 12:23:00,B4.1,POINT(63.0 -16.0),1050
gev_20100304_1328,2010-03-04 13:28:00,2010-03-04 13:31:00,2010-03-04 13:33:00,B6.0,POINT(60.0 -16.0),1052
gev_20100304_1603,2010-03-04 16:03:00,2010-03-04 16:11:00,2010-03-04 16:16:00,C2.2,POINT(66.0 -16.0),0
gev_20100304_1744,2010-03-04 17:44:00,2010-03-04 17:56:00,2010-03-04 18:07:00,B4.3,POINT(74.0 -15.0),0
gev_20100304_2059,2010-03-04 20:59:00,2010-03-04 21:06:00,2010-03-04 21:13:00,B2.0,POINT(82.0 -20.0),1053
gev_20100304_2131,2010-03-04 21:31:00,2010-03-04 21:35:00,2010-03-04 21:45:00,B2.2,POINT(71.0 -15.0),0
gev_20100304_2329,2010-03-04 23:29:00,2010-03-04 23:39:00,2010-03-04 23:40:00,B1.9,POINT(33.0 15.0),1051
gev_20100305_1250,2010-03-05 12:50:00,2010-03-05 12:57:00,2010-03-05 13:03:00,B2.8,POINT(54.0 -8.0),0
gev_20100306_0103,2010-03-06 01:03:00,2010-03-06 01:07:00,2010-03-06 01:10:00,B1.2,POINT(76.0 -22.0),1053
gev_20100306_0733,2010-03-06 07:33:00,2010-03-06 07:55:00,2010-03-06 07:55:00,B5.2,POINT(-16.0 25.0),0
gev_20100306_1434,2010-03-06 14:34:00,2010-03-06 14:39:00,2010-03-06 14:43:00,B1.3,POINT(87.0 -23.0),1053
gev_20100306_1457,2010-03-06 14:57:00,2010-03-06 15:02:00,2010-03-06 15:10:00,B2.5,POINT(88.0 -17.0),1052
gev_20100306_2107,2010-03-06 21:07:00,2010-03-06 21:13:00,2010-03-06 21:20:00,B1.7,POINT(88.0 -16.0),1052
gev_20100307_0046,2010-03-07 00:46:00,2010-03-07 00:54:00,2010-03-07 01:02:00,B1.1,POINT(-11.0 26.0),0
gev_20100307_0222,2010-03-07 02:22:00,2010-03-07 02:27:00,2010-03-07 02:32:00,B1.9,POINT(-19.0 24.0),0
gev_20100307_0433,2010-03-07 04:33:00,2010-03-07 04:43:00,2010-03-07 04:54:00,B2.2,POINT(-18.0 23.0),0
gev_20100310_0610,2010-03-10 06:10:00,2010-03-10 07:13:00,2010-03-10 07:47:00,B3.0,POINT(-35.0 25.0),0
gev_20100310_1529,2010-03-10 15:29:00,2010-03-10 15:34:00,2010-03-10 15:41:00,B1.7,POINT(-62.0 12.0),1054
gev_20100311_0419,2010-03-11 04:19:00,2010-03-11 04:23:00,2010-03-11 04:27:00,B1.2,POINT(-54.0 13.0),1054
gev_20100311_1218,2010-03-11 12:18:00,2010-03-11 12:25:00,2010-03-11 12:28:00,B2.5,POINT(-50.0 14.0),1054
gev_20100311_1650,2010-03-11 16:50:00,2010-03-11 16:53:00,2010-03-11 16:57:00,B1.4,POINT(-49.0 13.0),1054
gev_20100311_1714,2010-03-11 17:14:00,2010-03-11 17:18:00,2010-03-11 17:24:00,B1.6,POINT(-47.0 12.0),1054
gev_20100311_1741,2010-03-11 17:41:00,2010-03-11 17:45:00,2010-03-11 17:50:00,B1.5,POINT(-47.0 14.0),1054
gev_20100311_2008,2010-03-11 20:08:00,2010-03-11 20:24:00,2010-03-11 20:27:00,B2.8,POINT(-46.0 13.0),1054
gev_20100311_2033,2010-03-11 20:33:00,2010-03-11 20:39:00,2010-03-11 20:46:00,B4.6,POINT(-44.0 13.0),1054
gev_20100311_2052,2010-03-11 20:52:00,2010-03-11 20:53:00,2010-03-11 20:56:00,B3.2,POINT(-49.0 16.0),1054
gev_20100311_2148,2010-03-11 21:48:00,2010-03-11 21:55:00,2010-03-11 22:00:00,B1.4,POINT(-44.0 12.0),1054
gev_20100312_0002,2010-03-12 00:02:00,2010-03-12 00:08:00,2010-03-12 00:11:00,B2.0,POINT(-43.0 12.0),0
gev_20100312_1102,2010-03-12 11:02:00,2010-03-12 11:10:00,2010-03-12 11:15:00,B2.5,POINT(-37.0 12.0),0
gev_20100312_1317,2010-03-12 13:17:00,2010-03-12 13:25:00,2010-03-12 13:31:00,B1.4,POINT(-36.0 13.0),0
gev_20100312_1342,2010-03-12 13:42:00,2010-03-12 13:46:00,2010-03-12 13:51:00,B1.9,POINT(-36.0 12.0),0
gev_20100312_1447,2010-03-12 14:47:00,2010-03-12 14:53:00,2010-03-12 15:03:00,B3.3,POINT(-35.0 13.0),0
gev_20100312_1524,2010-03-12 15:24:00,2010-03-12 15:31:00,2010-03-12 15:36:00,B3.2,POINT(-33.0 13.0),0
gev_20100312_1624,2010-03-12 16:24:00,2010-03-12 16:29:00,2010-03-12 16:39:00,B4.3,POINT(-34.0 12.0),0
gev_20100312_1802,2010-03-12 18:02:00,2010-03-12 18:27:00,2010-03-12 18:45:00,C2.3,POINT(-32.0 13.0),0
gev_20100313_0231,2010-03-13 02:31:00,2010-03-13 02:58:00,2010-03-13 03:14:00,B8.7,POINT(-28.0 12.0),0
gev_20100313_0947,2010-03-13 09:47:00,2010-03-13 09:50:00,2010-03-13 09:59:00,B2.4,POINT(-25.0 12.0),0
gev_20100313_0959,2010-03-13 09:59:00,2010-03-13 10:04:00,2010-03-13 10:07:00,B3.6,POINT(-82.0 22.0),0
gev_20100313_1545,2010-03-13 15:45:00,2010-03-13 15:52:00,2010-03-13 16:01:00,B5.4,POINT(-21.0 13.0),0
gev_20100313_1650,2010-03-13 16:50:00,2010-03-13 18:10:00,2010-03-13 20:18:00,B4.0,POINT(85.0 28.0),0
gev_20100313_1914,2010-03-13 19:14:00,2010-03-13 19:17:00,2010-03-13 19:20:00,B2.2,POINT(-18.0 12.0),0
gev_20100313_2017,2010-03-13 20:17:00,2010-03-13 20:22:00,2010-03-13 20:25:00,B4.0,POINT(-15.0 13.0),0
gev_20100313_2335,2010-03-13 23:35:00,2010-03-13 23:49:00,2010-03-14 00:23:00,C1.5,POINT(-15.0 13.0),0
gev_20100314_0228,2010-03-14 02:28:00,2010-03-14 02:36:00,2010-03-14 02:41:00,B3.1,POINT(-14.0 13.0),0
gev_20100314_0407,2010-03-14 04:07:00,2010-03-14 04:09:00,2010-03-14 04:12:00,B2.9,POINT(-13.0 12.0),0
gev_20100314_0520,2010-03-14 05:20:00,2010-03-14 05:24:00,2010-03-14 05:29:00,B3.3,POINT(-10.0 12.0),0
gev_20100314_0543,2010-03-14 05:43:00,2010-03-14 05:49:00,2010-03-14 05:51:00,B5.2,POINT(-87.0 14.0),0
gev_20100314_0745,2010-03-14 07:45:00,2010-03-14 07:54:00,2010-03-14 07:59:00,B2.4,POINT(-87.0 14.0),0
gev_20100314_1147,2010-03-14 11:47:00,2010-03-14 12:02:00,2010-03-14 12:30:00,B7.9,POINT(-9.0 12.0),0
gev_20100314_1704,2010-03-14 17:04:00,2010-03-14 17:13:00,2010-03-14 17:22:00,B2.1,POINT(1.0 15.0),0
gev_20100315_0334,2010-03-15 03:34:00,2010-03-15 03:38:00,2010-03-15 03:41:00,B1.4,POINT(0.0 11.0),0
gev_20100315_0349,2010-03-15 03:49:00,2010-03-15 03:55:00,2010-03-15 03:59:00,B1.6,POINT(8.0 15.0),0
gev_20100315_0834,2010-03-15 08:34:00,2010-03-15 08:40:00,2010-03-15 08:46:00,B1.7,POINT(10.0 15.0),0
gev_20100315_1800,2010-03-15 18:00:00,2010-03-15 18:03:00,2010-03-15 18:06:00,B2.4,POINT(-86.0 19.0),0
gev_20100315_2054,2010-03-15 20:54:00,2010-03-15 20:58:00,2010-03-15 21:00:00,B1.8,POINT(8.0 13.0),0
gev_20100315_2149,2010-03-15 21:49:00,2010-03-15 21:53:00,2010-03-15 21:56:00,B2.7,POINT(-76.0 16.0),0
gev_20100317_1246,2010-03-17 12:46:00,2010-03-17 12:51:00,2010-03-17 13:02:00,B1.6,POINT(-55.0 17.0),1056
gev_20100317_1521,2010-03-17 15:21:00,2010-03-17 15:24:00,2010-03-17 15:28:00,B1.0,POINT(-5.0 27.0),0
gev_20100318_0543,2010-03-18 05:43:00,2010-03-18 06:10:00,2010-03-18 06:28:00,B4.0,POINT(-43.0 19.0),0
gev_20100318_1109,2010-03-18 11:09:00,2010-03-18 11:15:00,2010-03-18 11:18:00,B5.3,POINT(-22.0 23.0),0
gev_20100318_1233,2010-03-18 12:33:00,2010-03-18 12:53:00,2010-03-18 13:06:00,B7.5,POINT(47.0 15.0),0
gev_20100318_1408,2010-03-18 14:08:00,2010-03-18 14:11:00,2010-03-18 14:15:00,B2.1,POINT(52.0 16.0),0
gev_20100318_1434,2010-03-18 14:34:00,2010-03-18 14:43:00,2010-03-18 14:50:00,B5.4,POINT(51.0 15.0),0
gev_20100318_1800,2010-03-18 18:00:00,2010-03-18 18:12:00,2010-03-18 18:20:00,B3.9,POINT(56.0 16.0),0
gev_20100318_2243,2010-03-18 22:43:00,2010-03-18 22:48:00,2010-03-18 22:51:00,B1.2,POINT(47.0 18.0),0
gev_20100318_2256,2010-03-18 22:56:00,2010-03-18 23:08:00,2010-03-18 23:15:00,B7.0,POINT(58.0 16.0),0
gev_20100319_0455,2010-03-19 04:55:00,2010-03-19 04:58:00,2010-03-19 05:04:00,B1.4,POINT(58.0 13.0),0
gev_20100319_0832,2010-03-19 08:32:00,2010-03-19 08:35:00,2010-03-19 08:45:00,B1.2,POINT(60.0 16.0),0
gev_20100320_2145,2010-03-20 21:45:00,2010-03-20 21:58:00,2010-03-20 22:07:00,B4.2,POINT(-15.0 18.0),0
gev_20100320_2304,2010-03-20 23:04:00,2010-03-20 23:12:00,2010-03-20 23:22:00,B8.1,POINT(-5.0 17.0),0
gev_20100321_0009,2010-03-21 00:09:00,2010-03-21 00:18:00,2010-03-21 00:25:00,B5.5,POINT(87.0 17.0),1054
gev_20100321_0042,2010-03-21 00:42:00,2010-03-21 00:46:00,2010-03-21 00:48:00,B3.8,POINT(-6.0 18.0),1056
gev_20100321_0112,2010-03-21 01:12:00,2010-03-21 01:24:00,2010-03-21 01:33:00,B6.5,POINT(-70.0 25.0),1058
gev_20100321_0221,2010-03-21 02:21:00,2010-03-21 02:29:00,2010-03-21 02:38:00,B3.0,POINT(88.0 14.0),1054
gev_20100321_0447,2010-03-21 04:47:00,2010-03-21 04:54:00,2010-03-21 04:56:00,B3.9,POINT(-8.0 25.0),0
gev_20100321_0556,2010-03-21 05:56:00,2010-03-21 06:00:00,2010-03-21 06:03:00,B3.2,POINT(-2.0 18.0),1056
gev_20100321_0738,2010-03-21 07:38:00,2010-03-21 07:53:00,2010-03-21 07:53:00,B1.9,POINT(-73.0 -22.0),0
gev_20100321_0831,2010-03-21 08:31:00,2010-03-21 09:00:00,2010-03-21 09:16:00,B6.8,POINT(88.0 11.0),1054
gev_20100321_1426,2010-03-21 14:26:00,2010-03-21 14:31:00,2010-03-21 14:42:00,B1.6,POINT(58.0 -5.0),0
gev_20100321_1752,2010-03-21 17:52:00,2010-03-21 18:17:00,2010-03-21 18:31:00,B2.2,POINT(88.0 15.0),1054
gev_20100321_2006,2010-03-21 20:06:00,2010-03-21 20:09:00,2010-03-21 20:11:00,B1.2,POINT(6.0 19.0),1056
gev_20100321_2340,2010-03-21 23:40:00,2010-03-21 23:45:00,2010-03-21 23:48:00,B1.6,POINT(6.0 19.0),1056
gev_20100322_0009,2010-03-22 00:09:00,2010-03-22 00:12:00,2010-03-22 00:14:00,B1.0,POINT(8.0 18.0),1056
gev_20100322_0139,2010-03-22 01:39:00,2010-03-22 01:44:00,2010-03-22 01:48:00,B1.3,POINT(8.0 19.0),1056
gev_20100322_0410,2010-03-22 04:10:00,2010-03-22 04:13:00,2010-03-22 04:19:00,B1.0,POINT(8.0 19.0),1056
gev_20100322_1607,2010-03-22 16:07:00,2010-03-22 16:10:00,2010-03-22 16:13:00,B1.0,POINT(19.0 18.0),1056
gev_20100323_0859,2010-03-23 08:59:00,2010-03-23 09:10:00,2010-03-23 09:17:00,B2.5,POINT(-80.0 16.0),0
gev_20100323_1444,2010-03-23 14:44:00,2010-03-23 14:47:00,2010-03-23 14:49:00,B2.5,POINT(32.0 19.0),1056
gev_20100323_1858,2010-03-23 18:58:00,2010-03-23 19:21:00,2010-03-23 20:00:00,B5.9,POINT(-77.0 17.0),0
gev_20100323_2258,2010-03-23 22:58:00,2010-03-23 23:01:00,2010-03-23 23:03:00,B2.7,POINT(-87.0 14.0),0
gev_20100324_1326,2010-03-24 13:26:00,2010-03-24 13:30:00,2010-03-24 13:34:00,B1.3,POINT(-12.0 26.0),1058
gev_20100324_1355,2010-03-24 13:55:00,2010-03-24 13:58:00,2010-03-24 14:01:00,B1.4,POINT(-61.0 15.0),0
gev_20100324_1431,2010-03-24 14:31:00,2010-03-24 14:34:00,2010-03-24 14:41:00,B1.8,POINT(-60.0 15.0),0
gev_20100324_1609,2010-03-24 16:09:00,2010-03-24 16:14:00,2010-03-24 16:19:00,B1.8,POINT(-61.0 17.0),0
gev_20100325_0035,2010-03-25 00:35:00,2010-03-25 01:45:00,2010-03-25 03:15:00,B1.1,POINT(-87.0 -22.0),0
gev_20100325_0351,2010-03-25 03:51:00,2010-03-25 04:33:00,2010-03-25 04:55:00,B7.3,POINT(-57.0 22.0),0
gev_20100325_0752,2010-03-25 07:52:00,2010-03-25 07:55:00,2010-03-25 07:58:00,B1.2,POINT(54.0 20.0),1056
gev_20100325_1053,2010-03-25 10:53:00,2010-03-25 11:06:00,2010-03-25 11:16:00,B3.2,POINT(-50.0 17.0),0
gev_20100325_1403,2010-03-25 14:03:00,2010-03-25 14:13:00,2010-03-25 14:25:00,B3.6,POINT(-49.0 17.0),0
gev_20100325_1432,2010-03-25 14:32:00,2010-03-25 14:37:00,2010-03-25 14:43:00,B6.0,POINT(-49.0 16.0),0
gev_20100325_1500,2010-03-25 15:00:00,2010-03-25 15:04:00,2010-03-25 15:09:00,B4.5,POINT(-48.0 16.0),0
gev_20100325_2239,2010-03-25 22:39:00,2010-03-25 22:44:00,2010-03-25 22:47:00,B1.7,POINT(53.0 15.0),1056
gev_20100326_0214,2010-03-26 02:14:00,2010-03-26 02:23:00,2010-03-26 02:41:00,B3.0,POINT(-43.0 13.0),1057
gev_20100326_1904,2010-03-26 19:04:00,2010-03-26 19:22:00,2010-03-26 19:34:00,B1.3,POINT(76.0 21.0),1056
gev_20100326_2108,2010-03-26 21:08:00,2010-03-26 21:16:00,2010-03-26 21:19:00,C2.5,POINT(-35.0 10.0),1057
gev_20100326_2234,2010-03-26 22:34:00,2010-03-26 22:38:00,2010-03-26 22:42:00,B2.0,POINT(-33.0 14.0),1057
gev_20100326_2334,2010-03-26 23:34:00,2010-03-26 23:38:00,2010-03-26 23:41:00,B3.1,POINT(20.0 24.0),1058
gev_20100327_0008,2010-03-27 00:08:00,2010-03-27 00:11:00,2010-03-27 00:15:00,B2.1,POINT(20.0 26.0),1058
gev_20100327_0140,2010-03-27 01:40:00,2010-03-27 01:43:00,2010-03-27 01:47:00,B1.7,POINT(-32.0 15.0),1057
gev_20100327_0149,2010-03-27 01:49:00,2010-03-27 01:52:00,2010-03-27 01:54:00,B2.6,POINT(-31.0 14.0),1057
gev_20100327_0434,2010-03-27 04:34:00,2010-03-27 04:37:00,2010-03-27 04:41:00,B2.1,POINT(87.0 21.0),0
gev_20100327_0512,2010-03-27 05:12:00,2010-03-27 05:15:00,2010-03-27 05:18:00,C1.2,POINT(-29.0 14.0),1057
gev_20100327_0735,2010-03-27 07:35:00,2010-03-27 07:39:00,2010-03-27 07:41:00,B1.1,POINT(25.0 26.0),1058
gev_20100327_0754,2010-03-27 07:54:00,2010-03-27 07:57:00,2010-03-27 08:00:00,C2.0,POINT(-27.0 14.0),1057
gev_20100327_0940,2010-03-27 09:40:00,2010-03-27 09:43:00,2010-03-27 09:46:00,B2.4,POINT(-26.0 14.0),1057
gev_20100327_1005,2010-03-27 10:05:00,2010-03-27 10:14:00,2010-03-27 10:18:00,C1.5,POINT(-26.0 14.0),1057
gev_20100327_1217,2010-03-27 12:17:00,2010-03-27 12:21:00,2010-03-27 12:24:00,B3.1,POINT(-25.0 14.0),1057
gev_20100327_1303,2010-03-27 13:03:00,2010-03-27 13:14:00,2010-03-27 13:22:00,B1.8,POINT(26.0 28.0),1058
gev_20100327_1823,2010-03-27 18:23:00,2010-03-27 18:29:00,2010-03-27 18:33:00,C3.8,POINT(-21.0 14.0),1057
gev_20100328_0124,2010-03-28 01:24:00,2010-03-28 01:28:00,2010-03-28 01:32:00,B1.4,POINT(-13.0 14.0),0
gev_20100328_0327,2010-03-28 03:27:00,2010-03-28 03:34:00,2010-03-28 03:39:00,B3.8,POINT(-16.0 14.0),0
gev_20100328_0539,2010-03-28 05:39:00,2010-03-28 05:44:00,2010-03-28 05:48:00,B4.0,POINT(-15.0 14.0),0
gev_20100328_0932,2010-03-28 09:32:00,2010-03-28 09:37:00,2010-03-28 09:40:00,B3.3,POINT(-13.0 14.0),0
gev_20100328_1047,2010-03-28 10:47:00,2010-03-28 10:53:00,2010-03-28 10:58:00,B2.8,POINT(-12.0 14.0),0
gev_20100328_1139,2010-03-28 11:39:00,2010-03-28 11:46:00,2010-03-28 11:54:00,B2.4,POINT(-7.0 12.0),0
gev_20100330_1235,2010-03-30 12:35:00,2010-03-30 12:40:00,2010-03-30 12:44:00,B1.3,POINT(15.0 15.0),0
gev_20100402_2357,2010-04-02 23:57:00,2010-04-03 00:02:00,2010-04-03 00:04:00,B1.7,POINT(64.0 18.0),0
gev_20100403_0904,2010-04-03 09:04:00,2010-04-03 09:54:00,2010-04-03 10:58:00,B7.4,POINT(3.0 -25.0),0
gev_20100405_0043,2010-04-05 00:43:00,2010-04-05 00:48:00,2010-04-05 00:53:00,B1.4,POINT(-62.0 24.0),0
gev_20100405_0845,2010-04-05 08:45:00,2010-04-05 08:50:00,2010-04-05 08:53:00,B1.1,POINT(-52.0 21.0),0
gev_20100405_1119,2010-04-05 11:19:00,2010-04-05 11:23:00,2010-04-05 11:28:00,B1.3,POINT(75.0 10.0),0
gev_20100405_1244,2010-04-05 12:44:00,2010-04-05 12:49:00,2010-04-05 12:54:00,B1.8,POINT(69.0 10.0),0
gev_20100405_1652,2010-04-05 16:52:00,2010-04-05 16:57:00,2010-04-05 17:08:00,B1.1,POINT(7.0 15.0),0
gev_20100406_0353,2010-04-06 03:53:00,2010-04-06 04:02:00,2010-04-06 04:10:00,B1.5,POINT(-42.0 24.0),0
gev_20100408_0230,2010-04-08 02:30:00,2010-04-08 03:25:00,2010-04-08 03:50:00,B3.7,POINT(-16.0 25.0),0
gev_20100413_0439,2010-04-13 04:39:00,2010-04-13 04:43:00,2010-04-13 04:49:00,B3.7,POINT(8.0 -17.0),0
gev_20100417_0437,2010-04-17 04:37:00,2010-04-17 05:57:00,2010-04-17 07:12:00,B2.1,POINT(-87.0 17.0),0
gev_20100417_2134,2010-04-17 21:34:00,2010-04-18 02:18:00,2010-04-18 04:16:00,B1.3,POINT(-51.0 26.0),0
gev_20100419_1500,2010-04-19 15:00:00,2010-04-19 21:42:00,2010-04-19 22:00:00,A4.9,POINT(20.0 13.0),0
gev_20100424_2256,2010-04-24 22:56:00,2010-04-24 23:01:00,2010-04-24 23:07:00,B1.1,POINT(-16.0 19.0),0
gev_20100430_0017,2010-04-30 00:17:00,2010-04-30 00:21:00,2010-04-30 00:27:00,B1.8,POINT(-41.0 16.0),0
gev_20100430_1928,2010-04-30 19:28:00,2010-04-30 19:34:00,2010-04-30 19:38:00,C2.2,POINT(-87.0 24.0),0
gev_20100501_0134,2010-05-01 01:34:00,2010-05-01 01:39:00,2010-05-01 01:43:00,C5.7,POINT(-77.0 24.0),0
gev_20100501_0523,2010-05-01 05:23:00,2010-05-01 05:27:00,2010-05-01 05:31:00,B1.6,POINT(-73.0 24.0),0
gev_20100501_0948,2010-05-01 09:48:00,2010-05-01 09:52:00,2010-05-01 09:59:00,B1.0,POINT(-76.0 25.0),0
gev_20100502_0603,2010-05-02 06:03:00,2010-05-02 06:09:00,2010-05-02 06:18:00,B2.9,POINT(-61.0 24.0),0
gev_20100502_1002,2010-05-02 10:02:00,2010-05-02 10:09:00,2010-05-02 10:15:00,B3.8,POINT(-58.0 24.0),0
gev_20100502_1509,2010-05-02 15:09:00,2010-05-02 15:14:00,2010-05-02 15:20:00,B1.1,POINT(-88.0 -17.0),0
gev_20100502_1622,2010-05-02 16:22:00,2010-05-02 16:26:00,2010-05-02 16:29:00,B1.9,POINT(-55.0 23.0),0
gev_20100502_1755,2010-05-02 17:55:00,2010-05-02 17:59:00,2010-05-02 18:10:00,B1.2,POINT(-54.0 25.0),0
gev_20100502_2055,2010-05-02 20:55:00,2010-05-02 21:00:00,2010-05-02 21:03:00,B1.4,POINT(-51.0 24.0),0
gev_20100502_2142,2010-05-02 21:42:00,2010-05-02 21:53:00,2010-05-02 21:58:00,B1.5,POINT(-51.0 24.0),0
gev_20100503_1252,2010-05-03 12:52:00,2010-05-03 12:57:00,2010-05-03 13:02:00,B2.0,POINT(47.0 16.0),0
gev_20100503_1338,2010-05-03 13:38:00,2010-05-03 13:41:00,2010-05-03 13:43:00,B1.5,POINT(49.0 17.0),0
gev_20100503_1500,2010-05-03 15:00:00,2010-05-03 15:04:00,2010-05-03 15:07:00,B1.4,POINT(-10.0 -26.0),0
gev_20100503_2150,2010-05-03 21:50:00,2010-05-03 21:53:00,2010-05-03 21:56:00,B1.0,POINT(-4.0 -26.0),0
gev_20100504_0442,2010-05-04 04:42:00,2010-05-04 04:46:00,2010-05-04 04:49:00,B1.7,POINT(-75.0 -19.0),0
gev_20100504_0550,2010-05-04 05:50:00,2010-05-04 06:46:00,2010-05-04 08:15:00,B1.4,POINT(-32.0 22.0),0
gev_20100504_1100,2010-05-04 11:00:00,2010-05-04 11:08:00,2010-05-04 11:08:00,B1.9,POINT(22.0 40.0),0
gev_20100504_1205,2010-05-04 12:05:00,2010-05-04 12:09:00,2010-05-04 12:12:00,B1.3,POINT(23.0 41.0),0
gev_20100504_1239,2010-05-04 12:39:00,2010-05-04 12:44:00,2010-05-04 12:51:00,B1.7,POINT(24.0 40.0),0
gev_20100504_1413,2010-05-04 14:13:00,2010-05-04 14:20:00,2010-05-04 14:25:00,B2.4,POINT(22.0 40.0),0
gev_20100504_1615,2010-05-04 16:15:00,2010-05-04 16:29:00,2010-05-04 16:34:00,C3.6,POINT(23.0 41.0),0
gev_20100504_1911,2010-05-04 19:11:00,2010-05-04 19:19:00,2010-05-04 19:19:00,B1.1,POINT(31.0 43.0),0
gev_20100505_0055,2010-05-05 00:55:00,2010-05-05 01:05:00,2010-05-05 01:11:00,B1.6,POINT(27.0 41.0),0
gev_20100505_0709,2010-05-05 07:09:00,2010-05-05 07:16:00,2010-05-05 07:20:00,C2.3,POINT(31.0 41.0),0
gev_20100505_0835,2010-05-05 08:35:00,2010-05-05 08:39:00,2010-05-05 08:41:00,B2.4,POINT(32.0 44.0),0
gev_20100505_1137,2010-05-05 11:37:00,2010-05-05 11:52:00,2010-05-05 11:58:00,C8.8,POINT(34.0 41.0),0
gev_20100505_1300,2010-05-05 13:00:00,2010-05-05 13:04:00,2010-05-05 13:07:00,B3.4,POINT(-57.0 -18.0),0
gev_20100505_1611,2010-05-05 16:11:00,2010-05-05 16:18:00,2010-05-05 16:29:00,B4.0,POINT(79.0 17.0),0
gev_20100505_1713,2010-05-05 17:13:00,2010-05-05 17:19:00,2010-05-05 17:22:00,M1.2,POINT(36.0 42.0),0
gev_20100505_1838,2010-05-05 18:38:00,2010-05-05 18:43:00,2010-05-05 18:48:00,B7.3,POINT(36.0 41.0),0
gev_20100505_2030,2010-05-05 20:30:00,2010-05-05 21:59:00,2010-05-05 22:45:00,B1.7,POINT(43.0 47.0),0
gev_20100506_1509,2010-05-06 15:09:00,2010-05-06 15:13:00,2010-05-06 15:17:00,B1.4,POINT(88.0 18.0),0
gev_20100507_0030,2010-05-07 00:30:00,2010-05-07 00:34:00,2010-05-07 00:36:00,B1.1,POINT(51.0 39.0),1069
gev_20100507_0555,2010-05-07 05:55:00,2010-05-07 05:58:00,2010-05-07 06:00:00,B1.2,POINT(-35.0 -20.0),1068
gev_20100507_0729,2010-05-07 07:29:00,2010-05-07 07:42:00,2010-05-07 08:02:00,C2.0,POINT(51.0 39.0),1069
gev_20100507_2249,2010-05-07 22:49:00,2010-05-07 22:57:00,2010-05-07 23:03:00,B4.6,POINT(61.0 41.0),1069
gev_20100508_0058,2010-05-08 00:58:00,2010-05-08 01:04:00,2010-05-08 01:10:00,B2.6,POINT(86.0 42.0),1069
gev_20100508_0131,2010-05-08 01:31:00,2010-05-08 01:39:00,2010-05-08 01:46:00,B5.8,POINT(-23.0 -19.0),1068
gev_20100508_0318,2010-05-08 03:18:00,2010-05-08 03:23:00,2010-05-08 03:27:00,B4.3,POINT(-23.0 -20.0),1068
gev_20100508_0451,2010-05-08 04:51:00,2010-05-08 04:59:00,2010-05-08 05:04:00,C9.3,POINT(65.0 39.0),1069
gev_20100508_0837,2010-05-08 08:37:00,2010-05-08 08:40:00,2010-05-08 08:40:00,B1.4,POINT(86.0 44.0),1069
gev_20100508_0915,2010-05-08 09:15:00,2010-05-08 09:20:00,2010-05-08 09:23:00,B2.1,POINT(71.0 40.0),1069
gev_20100508_1011,2010-05-08 10:11:00,2010-05-08 10:19:00,2010-05-08 10:23:00,B3.8,POINT(70.0 43.0),1069
gev_20100508_1140,2010-05-08 11:40:00,2010-05-08 11:50:00,2010-05-08 11:55:00,C1.8,POINT(69.0 40.0),1069
gev_20100508_1841,2010-05-08 18:41:00,2010-05-08 18:55:00,2010-05-08 19:14:00,B7.2,POINT(75.0 39.0),1069
gev_20100508_2004,2010-05-08 20:04:00,2010-05-08 20:11:00,2010-05-08 20:18:00,C2.4,POINT(74.0 40.0),1069
gev_20100509_1523,2010-05-09 15:23:00,2010-05-09 15:41:00,2010-05-09 16:14:00,B1.3,POINT(86.0 39.0),1069
gev_20100509_2050,2010-05-09 20:50:00,2010-05-09 21:14:00,2010-05-09 21:44:00,B2.1,POINT(0.0 -20.0),1068
gev_20100510_1059,2010-05-10 10:59:00,2010-05-10 11:06:00,2010-05-10 11:15:00,B1.4,POINT(86.0 40.0),0
gev_20100511_0839,2010-05-11 08:39:00,2010-05-11 08:43:00,2010-05-11 08:47:00,B1.1,POINT(19.0 -19.0),1068
gev_20100511_1933,2010-05-11 19:33:00,2010-05-11 20:16:00,2010-05-11 20:42:00,B1.5,POINT(76.0 28.0),0
gev_20100512_0208,2010-05-12 02:08:00,2010-05-12 02:18:00,2010-05-12 02:22:00,B1.5,POINT(63.0 27.0),0
gev_20100512_1352,2010-05-12 13:52:00,2010-05-12 14:09:00,2010-05-12 14:19:00,B1.6,POINT(73.0 26.0),0
gev_20100513_0349,2010-05-13 03:49:00,2010-05-13 03:55:00,2010-05-13 03:55:00,B2.8,POINT(44.0 -20.0),1071
